Date,Workout Name,Duration,Exercise Name,Set Order,Weight,Reps,Distance,Seconds,RPE
2024-10-28 06:45:57,"Back Bi Day",48m,"Pull Up (Assisted)",1,0.0,4.0,0,0.0,
2024-10-28 06:45:57,"Back Bi Day",48m,"Pull Up (Assisted)",2,40.0,8.0,0,0.0,
2024-10-28 06:45:57,"Back Bi Day",48m,"Pull Up (Assisted)",3,40.0,6.0,0,0.0,
2024-10-28 06:45:57,"Back Bi Day",48m,"Pull Up (Assisted)",4,40.0,5.0,0,0.0,
2024-10-28 06:45:57,"Back Bi Day",48m,"Incline Curl (Dumbbell)",1,15.0,10.0,0,0.0,
2024-10-28 06:45:57,"Back Bi Day",48m,"Incline Curl (Dumbbell)",2,15.0,10.0,0,0.0,
2024-10-28 06:45:57,"Back Bi Day",48m,"Incline Curl (Dumbbell)",3,15.0,8.0,0,0.0,
2024-10-28 06:45:57,"Back Bi Day",48m,"Lat Pulldown (Single Arm)",1,19.0,15.0,0,0.0,
2024-10-28 06:45:57,"Back Bi Day",48m,"Lat Pulldown (Single Arm)",2,28.5,15.0,0,0.0,
2024-10-28 06:45:57,"Back Bi Day",48m,"Lat Pulldown (Single Arm)",3,37.0,12.0,0,0.0,
2024-10-28 06:45:57,"Back Bi Day",48m,"Bent Over One Arm Row (Dumbbell)",1,60.0,10.0,0,0.0,
2024-10-28 06:45:57,"Back Bi Day",48m,"Bent Over One Arm Row (Dumbbell)",2,60.0,10.0,0,0.0,
2024-10-28 06:45:57,"Back Bi Day",48m,"Bent Over One Arm Row (Dumbbell)",3,60.0,8.0,0,0.0,
2024-10-28 06:45:57,"Back Bi Day",48m,"Bicep Curl (Cable)",1,15.5,10.0,0,0.0,
2024-10-28 06:45:57,"Back Bi Day",48m,"Bicep Curl (Cable)",2,15.5,10.0,0,0.0,
2024-10-28 06:45:57,"Back Bi Day",48m,"Bicep Curl (Cable)",3,15.5,8.0,0,0.0,
2024-10-28 06:45:57,"Back Bi Day",48m,"Seated Row (Cable)",1,165.0,8.0,0,0.0,
2024-10-28 06:45:57,"Back Bi Day",48m,"Seated Row (Cable)",2,121.0,10.0,0,0.0,
2024-10-28 06:45:57,"Back Bi Day",48m,"Seated Row (Cable)",3,121.0,12.0,0,0.0,
2024-10-28 06:45:57,"Back Bi Day",48m,"Reverse Fly (Cable)",1,10.0,12.0,0,0.0,
2024-10-28 06:45:57,"Back Bi Day",48m,"Reverse Fly (Cable)",2,10.0,12.0,0,0.0,
2024-10-28 06:45:57,"Back Bi Day",48m,"Reverse Fly (Cable)",3,10.0,12.0,0,0.0,
2024-10-29 06:45:13,"Leg Day",1h 8m,"Squat (Smith Machine)",1,135.0,12.0,0,0.0,
2024-10-29 06:45:13,"Leg Day",1h 8m,"Squat (Smith Machine)",2,135.0,12.0,0,0.0,
2024-10-29 06:45:13,"Leg Day",1h 8m,"Squat (Smith Machine)",3,135.0,12.0,0,0.0,
2024-10-29 06:45:13,"Leg Day",1h 8m,"Squat (Smith Machine)",4,135.0,12.0,0,0.0,
2024-10-29 06:45:13,"Leg Day",1h 8m,"Leg Extension (Machine)",1,180.0,12.0,0,0.0,
2024-10-29 06:45:13,"Leg Day",1h 8m,"Leg Extension (Machine)",2,200.0,12.0,0,0.0,
2024-10-29 06:45:13,"Leg Day",1h 8m,"Leg Extension (Machine)",3,200.0,11.0,0,0.0,
2024-10-29 06:45:13,"Leg Day",1h 8m,"Leg Extension (Machine)",4,180.0,9.0,0,0.0,
2024-10-29 06:45:13,"Leg Day",1h 8m,"Lying Leg Curl (Machine)",1,133.0,12.0,0,0.0,
2024-10-29 06:45:13,"Leg Day",1h 8m,"Lying Leg Curl (Machine)",2,155.0,10.0,0,0.0,
2024-10-29 06:45:13,"Leg Day",1h 8m,"Lying Leg Curl (Machine)",3,155.0,8.0,0,0.0,
2024-10-29 06:45:13,"Leg Day",1h 8m,"Lying Leg Curl (Machine)",4,155.0,8.0,0,0.0,
2024-10-29 06:45:13,"Leg Day",1h 8m,"Seated Calf Raise (Machine)",1,45.0,15.0,0,0.0,
2024-10-29 06:45:13,"Leg Day",1h 8m,"Seated Calf Raise (Machine)",2,70.0,12.0,0,0.0,
2024-10-29 06:45:13,"Leg Day",1h 8m,"Seated Calf Raise (Machine)",3,70.0,15.0,0,0.0,
2024-11-01 08:22:59,"Push Day 2.0",57m,"Bench Press (Barbell)",1,135.0,10.0,0,0.0,
2024-11-01 08:22:59,"Push Day 2.0",57m,"Bench Press (Barbell)",2,155.0,6.0,0,0.0,
2024-11-01 08:22:59,"Push Day 2.0",57m,"Bench Press (Barbell)",3,205.0,8.0,0,0.0,
2024-11-01 08:22:59,"Push Day 2.0",57m,"Bench Press (Barbell)",4,200.0,7.0,0,0.0,
2024-11-01 08:22:59,"Push Day 2.0",57m,"Bench Press (Barbell)",5,195.0,5.0,0,0.0,
2024-11-01 08:22:59,"Push Day 2.0",57m,"Incline Bench Press (Dumbbell)",1,55.0,12.0,0,0.0,
2024-11-01 08:22:59,"Push Day 2.0",57m,"Incline Bench Press (Dumbbell)",2,55.0,10.0,0,0.0,
2024-11-01 08:22:59,"Push Day 2.0",57m,"Incline Bench Press (Dumbbell)",3,55.0,9.0,0,0.0,
2024-11-01 08:22:59,"Push Day 2.0",57m,"Lateral Raise (Cable)",1,13.0,8.0,0,0.0,
2024-11-01 08:22:59,"Push Day 2.0",57m,"Lateral Raise (Cable)",2,10.0,10.0,0,0.0,
2024-11-01 08:22:59,"Push Day 2.0",57m,"Lateral Raise (Cable)",3,10.0,10.0,0,0.0,
2024-11-01 08:22:59,"Push Day 2.0",57m,"Lateral Raise (Dumbbell)",1,15.0,10.0,0,0.0,
2024-11-01 08:22:59,"Push Day 2.0",57m,"Lateral Raise (Dumbbell)",2,15.0,10.0,0,0.0,
2024-11-01 08:22:59,"Push Day 2.0",57m,"Lateral Raise (Dumbbell)",3,15.0,9.0,0,0.0,
2024-11-01 08:22:59,"Push Day 2.0",57m,"Cable Crossover",1,23.0,12.0,0,0.0,
2024-11-01 08:22:59,"Push Day 2.0",57m,"Cable Crossover",2,23.0,12.0,0,0.0,
2024-11-01 08:22:59,"Push Day 2.0",57m,"Cable Crossover",3,23.0,11.0,0,0.0,
2024-11-01 08:22:59,"Push Day 2.0",57m,"Triceps Extension (Cable)",1,53.0,8.0,0,0.0,
2024-11-01 08:22:59,"Push Day 2.0",57m,"Triceps Extension (Cable)",2,47.0,10.0,0,0.0,
2024-11-01 08:22:59,"Push Day 2.0",57m,"Triceps Extension (Cable)",3,47.0,10.0,0,0.0,
2024-11-01 08:22:59,"Push Day 2.0",57m,"Triceps Pushdown (Cable - Straight Bar)",1,160.0,10.0,0,0.0,
2024-11-01 08:22:59,"Push Day 2.0",57m,"Triceps Pushdown (Cable - Straight Bar)",2,160.0,8.0,0,0.0,
2024-11-01 08:22:59,"Push Day 2.0",57m,"Triceps Pushdown (Cable - Straight Bar)",3,120.0,12.0,0,0.0,
2024-11-02 09:48:48,"Back Bi Day",45h 56m,"Pull Up (Assisted)",1,0.0,4.0,0,0.0,
2024-11-02 09:48:48,"Back Bi Day",45h 56m,"Pull Up (Assisted)",2,40.0,7.0,0,0.0,
2024-11-02 09:48:48,"Back Bi Day",45h 56m,"Pull Up (Assisted)",3,40.0,7.0,0,0.0,
2024-11-02 09:48:48,"Back Bi Day",45h 56m,"Pull Up (Assisted)",4,40.0,5.0,0,0.0,
2024-11-02 09:48:48,"Back Bi Day",45h 56m,"Lat Pulldown (Single Arm)",1,27.0,12.0,0,0.0,
2024-11-02 09:48:48,"Back Bi Day",45h 56m,"Lat Pulldown (Single Arm)",2,27.0,15.0,0,0.0,
2024-11-02 09:48:48,"Back Bi Day",45h 56m,"Lat Pulldown (Single Arm)",3,33.0,11.0,0,0.0,
2024-11-02 09:48:48,"Back Bi Day",45h 56m,"Bent Over One Arm Row (Dumbbell)",1,70.0,10.0,0,0.0,
2024-11-02 09:48:48,"Back Bi Day",45h 56m,"Bent Over One Arm Row (Dumbbell)",2,70.0,9.0,0,0.0,
2024-11-02 09:48:48,"Back Bi Day",45h 56m,"Bent Over One Arm Row (Dumbbell)",3,70.0,8.0,0,0.0,
2024-11-02 09:48:48,"Back Bi Day",45h 56m,"Bicep Curl (Machine)",1,70.0,10.0,0,0.0,
2024-11-02 09:48:48,"Back Bi Day",45h 56m,"Bicep Curl (Machine)",2,60.0,10.0,0,0.0,
2024-11-02 09:48:48,"Back Bi Day",45h 56m,"Bicep Curl (Machine)",3,60.0,10.0,0,0.0,
2024-11-02 09:48:48,"Back Bi Day",45h 56m,"Bicep Curl (Cable)",1,17.0,10.0,0,0.0,
2024-11-02 09:48:48,"Back Bi Day",45h 56m,"Bicep Curl (Cable)",2,17.0,12.0,0,0.0,
2024-11-02 09:48:48,"Back Bi Day",45h 56m,"Bicep Curl (Cable)",3,23.0,10.0,0,0.0,
2024-11-02 09:48:48,"Back Bi Day",45h 56m,"Seated Row (Cable)",1,165.0,8.0,0,0.0,
2024-11-02 09:48:48,"Back Bi Day",45h 56m,"Seated Row (Cable)",2,143.0,10.0,0,0.0,
2024-11-02 09:48:48,"Back Bi Day",45h 56m,"Seated Row (Cable)",3,143.0,10.0,0,0.0,
2024-11-02 09:48:48,"Back Bi Day",45h 56m,"Reverse Fly (Cable)",1,7.0,20.0,0,0.0,
2024-11-02 09:48:48,"Back Bi Day",45h 56m,"Reverse Fly (Cable)",2,10.0,14.0,0,0.0,
2024-11-02 09:48:48,"Back Bi Day",45h 56m,"Reverse Fly (Cable)",3,10.0,12.0,0,0.0,
2024-11-04 06:45:38,"Leg Day",54m,"Squat (Smith Machine)",1,135.0,12.0,0,0.0,
2024-11-04 06:45:38,"Leg Day",54m,"Squat (Smith Machine)",2,155.0,10.0,0,0.0,
2024-11-04 06:45:38,"Leg Day",54m,"Squat (Smith Machine)",3,155.0,10.0,0,0.0,
2024-11-04 06:45:38,"Leg Day",54m,"Squat (Smith Machine)",4,155.0,10.0,0,0.0,
2024-11-04 06:45:38,"Leg Day",54m,"Standing Calf Raise (Bodyweight)",1,0,20.0,0,0.0,
2024-11-04 06:45:38,"Leg Day",54m,"Standing Calf Raise (Bodyweight)",2,0,20.0,0,0.0,
2024-11-04 06:45:38,"Leg Day",54m,"Standing Calf Raise (Bodyweight)",3,0,20.0,0,0.0,
2024-11-04 06:45:38,"Leg Day",54m,"Standing Calf Raise (Bodyweight)",4,0,20.0,0,0.0,
2024-11-04 06:45:38,"Leg Day",54m,"Romanian Deadlift (Barbell)",1,135.0,10.0,0,0.0,
2024-11-04 06:45:38,"Leg Day",54m,"Romanian Deadlift (Barbell)",2,135.0,10.0,0,0.0,
2024-11-04 06:45:38,"Leg Day",54m,"Romanian Deadlift (Barbell)",3,135.0,10.0,0,0.0,
2024-11-04 06:45:38,"Leg Day",54m,"Leg Extension (Machine)",1,180.0,10.0,0,0.0,
2024-11-04 06:45:38,"Leg Day",54m,"Leg Extension (Machine)",2,180.0,10.0,0,0.0,
2024-11-04 06:45:38,"Leg Day",54m,"Leg Extension (Machine)",3,180.0,10.0,0,0.0,
2024-11-04 06:45:38,"Leg Day",54m,"Leg Extension (Machine)",4,180.0,10.0,0,0.0,
2024-11-04 06:45:38,"Leg Day",54m,"Lying Leg Curl (Machine)",1,130.0,10.0,0,0.0,
2024-11-04 06:45:38,"Leg Day",54m,"Lying Leg Curl (Machine)",2,130.0,10.0,0,0.0,
2024-11-04 06:45:38,"Leg Day",54m,"Lying Leg Curl (Machine)",3,120.0,8.0,0,0.0,
2024-11-04 06:45:38,"Leg Day",54m,"Lying Leg Curl (Machine)",4,100.0,12.0,0,0.0,
2024-11-05 06:45:27,"Push Day 2.0",52m,"Bench Press (Barbell)",1,135.0,10.0,0,0.0,
2024-11-05 06:45:27,"Push Day 2.0",52m,"Bench Press (Barbell)",2,155.0,6.0,0,0.0,
2024-11-05 06:45:27,"Push Day 2.0",52m,"Bench Press (Barbell)",3,185.0,8.0,0,0.0,
2024-11-05 06:45:27,"Push Day 2.0",52m,"Bench Press (Barbell)",4,225.0,4.0,0,0.0,
2024-11-05 06:45:27,"Push Day 2.0",52m,"Bench Press (Barbell)",5,205.0,4.0,0,0.0,
2024-11-05 06:45:27,"Push Day 2.0",52m,"Incline Bench Press (Dumbbell)",1,60.0,12.0,0,0.0,
2024-11-05 06:45:27,"Push Day 2.0",52m,"Incline Bench Press (Dumbbell)",2,60.0,10.0,0,0.0,
2024-11-05 06:45:27,"Push Day 2.0",52m,"Incline Bench Press (Dumbbell)",3,60.0,7.0,0,0.0,
2024-11-05 06:45:27,"Push Day 2.0",52m,"Lateral Raise (Dumbbell)",1,15.0,15.0,0,0.0,
2024-11-05 06:45:27,"Push Day 2.0",52m,"Lateral Raise (Dumbbell)",2,15.0,12.0,0,0.0,
2024-11-05 06:45:27,"Push Day 2.0",52m,"Lateral Raise (Dumbbell)",3,15.0,10.0,0,0.0,
2024-11-05 06:45:27,"Push Day 2.0",52m,"Lateral Raise (Cable)",1,7.0,12.0,0,0.0,
2024-11-05 06:45:27,"Push Day 2.0",52m,"Lateral Raise (Cable)",2,7.0,12.0,0,0.0,
2024-11-05 06:45:27,"Push Day 2.0",52m,"Lateral Raise (Cable)",3,7.0,10.0,0,0.0,
2024-11-05 06:45:27,"Push Day 2.0",52m,"Cable Crossover",1,23.0,12.0,0,0.0,
2024-11-05 06:45:27,"Push Day 2.0",52m,"Cable Crossover",2,23.0,10.0,0,0.0,
2024-11-05 06:45:27,"Push Day 2.0",52m,"Cable Crossover",3,19.0,12.0,0,0.0,
2024-11-05 06:45:27,"Push Day 2.0",52m,"Triceps Extension (Cable)",1,50.0,10.0,0,0.0,
2024-11-05 06:45:27,"Push Day 2.0",52m,"Triceps Extension (Cable)",2,50.0,8.0,0,0.0,
2024-11-05 06:45:27,"Push Day 2.0",52m,"Triceps Extension (Cable)",3,43.0,8.0,0,0.0,
2024-11-05 06:45:27,"Push Day 2.0",52m,"Triceps Extension",1,23.0,10.0,0,0.0,
2024-11-05 06:45:27,"Push Day 2.0",52m,"Triceps Extension",2,19.0,10.0,0,0.0,
2024-11-05 06:45:27,"Push Day 2.0",52m,"Triceps Extension",3,19.0,12.0,0,0.0,
2024-11-06 06:43:37,"Back Bi Day",51m,"Seated Row (Machine)",1,50.0,12.0,0,0.0,
2024-11-06 06:43:37,"Back Bi Day",51m,"Seated Row (Machine)",2,70.0,11.0,0,0.0,
2024-11-06 06:43:37,"Back Bi Day",51m,"Seated Row (Machine)",3,70.0,10.0,0,0.0,
2024-11-06 06:43:37,"Back Bi Day",51m,"Incline Curl (Dumbbell)",1,15.0,15.0,0,0.0,
2024-11-06 06:43:37,"Back Bi Day",51m,"Incline Curl (Dumbbell)",2,15.0,12.0,0,0.0,
2024-11-06 06:43:37,"Back Bi Day",51m,"Incline Curl (Dumbbell)",3,15.0,10.0,0,0.0,
2024-11-06 06:43:37,"Back Bi Day",51m,"Lat Pulldown (Machine)",1,121.0,10.0,0,0.0,
2024-11-06 06:43:37,"Back Bi Day",51m,"Lat Pulldown (Machine)",2,121.0,10.0,0,0.0,
2024-11-06 06:43:37,"Back Bi Day",51m,"Lat Pulldown (Machine)",3,121.0,11.0,0,0.0,
2024-11-06 06:43:37,"Back Bi Day",51m,"Bicep Curl (Machine)",1,70.0,10.0,0,0.0,
2024-11-06 06:43:37,"Back Bi Day",51m,"Bicep Curl (Machine)",2,60.0,10.0,0,0.0,
2024-11-06 06:43:37,"Back Bi Day",51m,"Bicep Curl (Machine)",3,60.0,10.0,0,0.0,
2024-11-06 06:43:37,"Back Bi Day",51m,"Reverse Fly (Cable)",1,20.0,10.0,0,0.0,
2024-11-06 06:43:37,"Back Bi Day",51m,"Reverse Fly (Cable)",2,20.0,10.0,0,0.0,
2024-11-06 06:43:37,"Back Bi Day",51m,"Reverse Fly (Cable)",3,20.0,10.0,0,0.0,
2024-11-06 06:43:37,"Back Bi Day",51m,"Bent Over Row (Barbell)",1,45.0,10.0,0,0.0,
2024-11-06 06:43:37,"Back Bi Day",51m,"Bent Over Row (Barbell)",2,95.0,10.0,0,0.0,
2024-11-06 06:43:37,"Back Bi Day",51m,"Bent Over Row (Barbell)",3,115.0,10.0,0,0.0,
2024-11-06 06:43:37,"Back Bi Day",51m,"Bent Over Row (Barbell)",4,115.0,12.0,0,0.0,
2024-11-06 06:43:37,"Back Bi Day",51m,"Lat Pulldown (Cable)",1,100.0,12.0,0,0.0,
2024-11-06 06:43:37,"Back Bi Day",51m,"Lat Pulldown (Cable)",2,110.0,12.0,0,0.0,
2024-11-06 06:43:37,"Back Bi Day",51m,"Lat Pulldown (Cable)",3,115.0,10.0,0,0.0,
2024-11-08 08:13:16,"Push Day 2.0",38m,"Bench Press (Barbell)",1,135.0,10.0,0,0.0,
2024-11-08 08:13:16,"Push Day 2.0",38m,"Bench Press (Barbell)",2,155.0,6.0,0,0.0,
2024-11-08 08:13:16,"Push Day 2.0",38m,"Bench Press (Barbell)",3,185.0,8.0,0,0.0,
2024-11-08 08:13:16,"Push Day 2.0",38m,"Bench Press (Barbell)",4,225.0,5.0,0,0.0,
2024-11-08 08:13:16,"Push Day 2.0",38m,"Bench Press (Barbell)",5,205.0,5.0,0,0.0,
2024-11-08 08:13:16,"Push Day 2.0",38m,"Incline Bench Press (Dumbbell)",1,60.0,10.0,0,0.0,
2024-11-08 08:13:16,"Push Day 2.0",38m,"Incline Bench Press (Dumbbell)",2,60.0,9.0,0,0.0,
2024-11-08 08:13:16,"Push Day 2.0",38m,"Incline Bench Press (Dumbbell)",3,60.0,7.0,0,0.0,
2024-11-08 08:13:16,"Push Day 2.0",38m,"Lateral Raise (Dumbbell)",1,15.0,12.0,0,0.0,
2024-11-08 08:13:16,"Push Day 2.0",38m,"Lateral Raise (Dumbbell)",2,15.0,12.0,0,0.0,
2024-11-08 08:13:16,"Push Day 2.0",38m,"Lateral Raise (Dumbbell)",3,15.0,8.0,0,0.0,
2024-11-08 08:13:16,"Push Day 2.0",38m,"Cable Crossover",1,27.0,10.0,0,0.0,
2024-11-08 08:13:16,"Push Day 2.0",38m,"Cable Crossover",2,23.0,11.0,0,0.0,
2024-11-08 08:13:16,"Push Day 2.0",38m,"Cable Crossover",3,23.0,10.0,0,0.0,
2024-11-08 08:13:16,"Push Day 2.0",38m,"Triceps Extension (Cable)",1,43.0,14.0,0,0.0,
2024-11-08 08:13:16,"Push Day 2.0",38m,"Triceps Extension (Cable)",2,43.0,10.0,0,0.0,
2024-11-08 08:13:16,"Push Day 2.0",38m,"Triceps Extension (Cable)",3,43.0,8.0,0,0.0,
2024-11-09 08:00:01,"Back Bi Day",1h,"Pull Up (Assisted)",1,0.0,8.0,0,0.0,
2024-11-09 08:00:01,"Back Bi Day",1h,"Pull Up (Assisted)",2,60.0,10.0,0,0.0,
2024-11-09 08:00:01,"Back Bi Day",1h,"Pull Up (Assisted)",3,60.0,8.0,0,0.0,
2024-11-09 08:00:01,"Back Bi Day",1h,"Pull Up (Assisted)",4,60.0,6.0,0,0.0,
2024-11-09 08:00:01,"Back Bi Day",1h,"Seated Row (Cable)",1,143.0,12.0,0,0.0,
2024-11-09 08:00:01,"Back Bi Day",1h,"Seated Row (Cable)",2,143.0,10.0,0,0.0,
2024-11-09 08:00:01,"Back Bi Day",1h,"Seated Row (Cable)",3,121.0,13.0,0,0.0,
2024-11-09 08:00:01,"Back Bi Day",1h,"Seated Row (Cable)",4,121.0,10.0,0,0.0,
2024-11-09 08:00:01,"Back Bi Day",1h,"Lat Pulldown (Machine)",1,121.0,12.0,0,0.0,
2024-11-09 08:00:01,"Back Bi Day",1h,"Lat Pulldown (Machine)",2,143.0,8.0,0,0.0,
2024-11-09 08:00:01,"Back Bi Day",1h,"Lat Pulldown (Machine)",3,126.0,10.0,0,0.0,
2024-11-09 08:00:01,"Back Bi Day",1h,"Bicep Curl (Machine)",1,50.0,10.0,0,0.0,
2024-11-09 08:00:01,"Back Bi Day",1h,"Bicep Curl (Machine)",2,50.0,6.0,0,0.0,
2024-11-09 08:00:01,"Back Bi Day",1h,"Bicep Curl (Machine)",3,50.0,6.0,0,0.0,
2024-11-09 08:00:01,"Back Bi Day",1h,"Bicep Curl (Cable)",1,23.0,10.0,0,0.0,
2024-11-09 08:00:01,"Back Bi Day",1h,"Bicep Curl (Cable)",2,23.0,9.0,0,0.0,
2024-11-09 08:00:01,"Back Bi Day",1h,"Bicep Curl (Cable)",3,20.0,11.0,0,0.0,
2024-11-09 08:00:01,"Back Bi Day",1h,"Reverse Fly (Cable)",1,10.0,15.0,0,0.0,
2024-11-09 08:00:01,"Back Bi Day",1h,"Reverse Fly (Cable)",2,13.0,8.0,0,0.0,
2024-11-09 08:00:01,"Back Bi Day",1h,"Reverse Fly (Cable)",3,13.0,6.0,0,0.0,
2024-11-09 08:00:01,"Back Bi Day",1h,"Straight Arm Pushdown",1,40.0,12.0,0,0.0,
2024-11-09 08:00:01,"Back Bi Day",1h,"Straight Arm Pushdown",2,40.0,20.0,0,0.0,
2024-11-09 08:00:01,"Back Bi Day",1h,"Straight Arm Pushdown",3,47.0,11.0,0,0.0,
2024-11-09 08:00:01,"Back Bi Day",1h,"Straight Arm Pushdown",4,47.0,12.0,0,0.0,
2024-11-10 11:07:31,"Leg Day",42m,"Squat (Smith Machine)",1,135.0,10.0,0,0.0,
2024-11-10 11:07:31,"Leg Day",42m,"Squat (Smith Machine)",2,155.0,12.0,0,0.0,
2024-11-10 11:07:31,"Leg Day",42m,"Squat (Smith Machine)",3,155.0,12.0,0,0.0,
2024-11-10 11:07:31,"Leg Day",42m,"Squat (Smith Machine)",4,155.0,12.0,0,0.0,
2024-11-10 11:07:31,"Leg Day",42m,"Standing Calf Raise (Bodyweight)",1,0,20.0,0,0.0,
2024-11-10 11:07:31,"Leg Day",42m,"Standing Calf Raise (Bodyweight)",2,0,22.0,0,0.0,
2024-11-10 11:07:31,"Leg Day",42m,"Standing Calf Raise (Bodyweight)",3,0,25.0,0,0.0,
2024-11-10 11:07:31,"Leg Day",42m,"Standing Calf Raise (Bodyweight)",4,0,22.0,0,0.0,
2024-11-10 11:07:31,"Leg Day",42m,"Leg Extension (Machine)",1,150.0,12.0,0,0.0,
2024-11-10 11:07:31,"Leg Day",42m,"Leg Extension (Machine)",2,150.0,12.0,0,0.0,
2024-11-10 11:07:31,"Leg Day",42m,"Leg Extension (Machine)",3,170.0,12.0,0,0.0,
2024-11-10 11:07:31,"Leg Day",42m,"Leg Extension (Machine)",4,170.0,10.0,0,0.0,
2024-11-10 11:07:31,"Leg Day",42m,"Lying Leg Curl (Machine)",1,130.0,10.0,0,0.0,
2024-11-10 11:07:31,"Leg Day",42m,"Lying Leg Curl (Machine)",2,130.0,10.0,0,0.0,
2024-11-10 11:07:31,"Leg Day",42m,"Lying Leg Curl (Machine)",3,130.0,10.0,0,0.0,
2024-11-10 11:07:31,"Leg Day",42m,"Lying Leg Curl (Machine)",4,130.0,8.0,0,0.0,
2024-11-16 15:21:59,"Push Day 2.0",55m,"Bench Press (Barbell)",1,95.0,12.0,0,0.0,
2024-11-16 15:21:59,"Push Day 2.0",55m,"Bench Press (Barbell)",2,135.0,10.0,0,0.0,
2024-11-16 15:21:59,"Push Day 2.0",55m,"Bench Press (Barbell)",3,185.0,8.0,0,0.0,
2024-11-16 15:21:59,"Push Day 2.0",55m,"Bench Press (Barbell)",4,205.0,7.0,0,0.0,
2024-11-16 15:21:59,"Push Day 2.0",55m,"Bench Press (Barbell)",5,215.0,5.0,0,0.0,
2024-11-16 15:21:59,"Push Day 2.0",55m,"Incline Bench Press (Dumbbell)",1,50.0,12.0,0,0.0,
2024-11-16 15:21:59,"Push Day 2.0",55m,"Incline Bench Press (Dumbbell)",2,50.0,11.0,0,0.0,
2024-11-16 15:21:59,"Push Day 2.0",55m,"Incline Bench Press (Dumbbell)",3,50.0,9.0,0,0.0,
2024-11-16 15:21:59,"Push Day 2.0",55m,"Lateral Raise (Dumbbell)",1,15.0,15.0,0,0.0,
2024-11-16 15:21:59,"Push Day 2.0",55m,"Lateral Raise (Dumbbell)",2,15.0,14.0,0,0.0,
2024-11-16 15:21:59,"Push Day 2.0",55m,"Lateral Raise (Dumbbell)",3,15.0,12.0,0,0.0,
2024-11-16 15:21:59,"Push Day 2.0",55m,"Lateral Raise (Cable)",1,7.0,20.0,0,0.0,
2024-11-16 15:21:59,"Push Day 2.0",55m,"Lateral Raise (Cable)",2,10.0,12.0,0,0.0,
2024-11-16 15:21:59,"Push Day 2.0",55m,"Lateral Raise (Cable)",3,10.0,12.0,0,0.0,
2024-11-16 15:21:59,"Push Day 2.0",55m,"Cable Crossover",1,23.0,12.0,0,0.0,
2024-11-16 15:21:59,"Push Day 2.0",55m,"Cable Crossover",2,23.0,12.0,0,0.0,
2024-11-16 15:21:59,"Push Day 2.0",55m,"Cable Crossover",3,23.0,11.0,0,0.0,
2024-11-16 15:21:59,"Push Day 2.0",55m,"Triceps Extension (Cable)",1,57.0,8.0,0,0.0,
2024-11-16 15:21:59,"Push Day 2.0",55m,"Triceps Extension (Cable)",2,50.0,11.0,0,0.0,
2024-11-16 15:21:59,"Push Day 2.0",55m,"Triceps Extension (Cable)",3,50.0,9.0,0,0.0,
2024-11-16 15:21:59,"Push Day 2.0",55m,"Triceps Extension",1,23.0,10.0,0,0.0,
2024-11-16 15:21:59,"Push Day 2.0",55m,"Triceps Extension",2,23.0,9.0,0,0.0,
2024-11-16 15:21:59,"Push Day 2.0",55m,"Triceps Extension",3,23.0,8.0,0,0.0,
2024-11-17 09:34:21,"Leg Day",50m,"Squat (Smith Machine)",1,45.0,10.0,0,0.0,
2024-11-17 09:34:21,"Leg Day",50m,"Squat (Smith Machine)",2,95.0,10.0,0,0.0,
2024-11-17 09:34:21,"Leg Day",50m,"Squat (Smith Machine)",3,135.0,10.0,0,0.0,
2024-11-17 09:34:21,"Leg Day",50m,"Squat (Smith Machine)",4,155.0,10.0,0,0.0,
2024-11-17 09:34:21,"Leg Day",50m,"Squat (Smith Machine)",5,155.0,10.0,0,0.0,
2024-11-17 09:34:21,"Leg Day",50m,"Squat (Smith Machine)",6,155.0,10.0,0,0.0,
2024-11-17 09:34:21,"Leg Day",50m,"Standing Calf Raise (Bodyweight)",1,0,22.0,0,0.0,
2024-11-17 09:34:21,"Leg Day",50m,"Standing Calf Raise (Bodyweight)",2,0,25.0,0,0.0,
2024-11-17 09:34:21,"Leg Day",50m,"Standing Calf Raise (Bodyweight)",3,0,25.0,0,0.0,
2024-11-17 09:34:21,"Leg Day",50m,"Standing Calf Raise (Bodyweight)",4,0,23.0,0,0.0,
2024-11-17 09:34:21,"Leg Day",50m,"Leg Extension (Machine)",1,180.0,10.0,0,0.0,
2024-11-17 09:34:21,"Leg Day",50m,"Leg Extension (Machine)",2,200.0,10.0,0,0.0,
2024-11-17 09:34:21,"Leg Day",50m,"Leg Extension (Machine)",3,200.0,10.0,0,0.0,
2024-11-17 09:34:21,"Leg Day",50m,"Leg Extension (Machine)",4,200.0,10.0,0,0.0,
2024-11-17 09:34:21,"Leg Day",50m,"Lying Leg Curl (Machine)",1,140.0,11.0,0,0.0,
2024-11-17 09:34:21,"Leg Day",50m,"Lying Leg Curl (Machine)",2,140.0,10.0,0,0.0,
2024-11-17 09:34:21,"Leg Day",50m,"Lying Leg Curl (Machine)",3,140.0,11.0,0,0.0,
2024-11-17 09:34:21,"Leg Day",50m,"Lying Leg Curl (Machine)",4,140.0,9.0,0,0.0,
2024-11-17 09:34:21,"Leg Day",50m,"Crunch (Machine)",1,60.0,12.0,0,0.0,
2024-11-17 09:34:21,"Leg Day",50m,"Crunch (Machine)",2,70.0,10.0,0,0.0,
2024-11-17 09:34:21,"Leg Day",50m,"Crunch (Machine)",3,70.0,10.0,0,0.0,
2024-11-17 09:34:21,"Leg Day",50m,"Crunch (Machine)",4,50.0,12.0,0,0.0,
2024-11-19 06:49:24,"Back Bi Day",44m,"Pull Up (Assisted)",1,0.0,5.0,0,0.0,
2024-11-19 06:49:24,"Back Bi Day",44m,"Pull Up (Assisted)",2,60.0,10.0,0,0.0,
2024-11-19 06:49:24,"Back Bi Day",44m,"Pull Up (Assisted)",3,60.0,7.0,0,0.0,
2024-11-19 06:49:24,"Back Bi Day",44m,"Pull Up (Assisted)",4,60.0,7.0,0,0.0,
2024-11-19 06:49:24,"Back Bi Day",44m,"Seated Row (Cable)",1,126.0,10.0,0,0.0,
2024-11-19 06:49:24,"Back Bi Day",44m,"Seated Row (Cable)",2,126.0,10.0,0,0.0,
2024-11-19 06:49:24,"Back Bi Day",44m,"Seated Row (Cable)",3,126.0,10.0,0,0.0,
2024-11-19 06:49:24,"Back Bi Day",44m,"Seated Row (Cable)",4,121.0,8.0,0,0.0,
2024-11-19 06:49:24,"Back Bi Day",44m,"Bicep Curl (Machine)",1,90.0,6.0,0,0.0,
2024-11-19 06:49:24,"Back Bi Day",44m,"Bicep Curl (Machine)",2,70.0,8.0,0,0.0,
2024-11-19 06:49:24,"Back Bi Day",44m,"Bicep Curl (Machine)",3,50.0,10.0,0,0.0,
2024-11-19 06:49:24,"Back Bi Day",44m,"Bicep Curl (Machine)",4,50.0,11.0,0,0.0,
2024-11-19 06:49:24,"Back Bi Day",44m,"Bicep Curl (Cable)",1,25.0,8.0,0,0.0,
2024-11-19 06:49:24,"Back Bi Day",44m,"Bicep Curl (Cable)",2,20.0,10.0,0,0.0,
2024-11-19 06:49:24,"Back Bi Day",44m,"Bicep Curl (Cable)",3,15.0,14.0,0,0.0,
2024-11-19 06:49:24,"Back Bi Day",44m,"Straight Arm Pushdown",1,60.0,10.0,0,0.0,
2024-11-19 06:49:24,"Back Bi Day",44m,"Straight Arm Pushdown",2,60.0,7.0,0,0.0,
2024-11-19 06:49:24,"Back Bi Day",44m,"Straight Arm Pushdown",3,49.5,10.0,0,0.0,
2024-11-19 06:49:24,"Back Bi Day",44m,"Straight Arm Pushdown",4,38.5,14.0,0,0.0,
2024-11-19 06:49:24,"Back Bi Day",44m,"Iso-Lateral Row (Machine)",1,45.0,10.0,0,0.0,
2024-11-19 06:49:24,"Back Bi Day",44m,"Iso-Lateral Row (Machine)",2,45.0,10.0,0,0.0,
2024-11-19 06:49:24,"Back Bi Day",44m,"Iso-Lateral Row (Machine)",3,45.0,10.0,0,0.0,
2024-11-20 06:46:01,"Push Day 2.0",47m,"Bench Press (Barbell)",1,115.0,10.0,0,0.0,
2024-11-20 06:46:01,"Push Day 2.0",47m,"Bench Press (Barbell)",2,135.0,8.0,0,0.0,
2024-11-20 06:46:01,"Push Day 2.0",47m,"Bench Press (Barbell)",3,190.0,10.0,0,0.0,
2024-11-20 06:46:01,"Push Day 2.0",47m,"Bench Press (Barbell)",4,195.0,7.0,0,0.0,
2024-11-20 06:46:01,"Push Day 2.0",47m,"Bench Press (Barbell)",5,185.0,7.0,0,0.0,
2024-11-20 06:46:01,"Push Day 2.0",47m,"Incline Bench Press (Dumbbell)",1,50.0,13.0,0,0.0,
2024-11-20 06:46:01,"Push Day 2.0",47m,"Incline Bench Press (Dumbbell)",2,50.0,13.0,0,0.0,
2024-11-20 06:46:01,"Push Day 2.0",47m,"Incline Bench Press (Dumbbell)",3,50.0,10.0,0,0.0,
2024-11-20 06:46:01,"Push Day 2.0",47m,"Lateral Raise (Dumbbell)",1,15.0,15.0,0,0.0,
2024-11-20 06:46:01,"Push Day 2.0",47m,"Lateral Raise (Dumbbell)",2,15.0,13.0,0,0.0,
2024-11-20 06:46:01,"Push Day 2.0",47m,"Lateral Raise (Dumbbell)",3,15.0,11.0,0,0.0,
2024-11-20 06:46:01,"Push Day 2.0",47m,"Lateral Raise (Cable)",1,10.0,12.0,0,0.0,
2024-11-20 06:46:01,"Push Day 2.0",47m,"Lateral Raise (Cable)",2,10.0,11.0,0,0.0,
2024-11-20 06:46:01,"Push Day 2.0",47m,"Lateral Raise (Cable)",3,10.0,9.0,0,0.0,
2024-11-20 06:46:01,"Push Day 2.0",47m,"Cable Crossover",1,23.0,10.0,0,0.0,
2024-11-20 06:46:01,"Push Day 2.0",47m,"Cable Crossover",2,20.0,12.0,0,0.0,
2024-11-20 06:46:01,"Push Day 2.0",47m,"Cable Crossover",3,20.0,10.0,0,0.0,
2024-11-20 06:46:01,"Push Day 2.0",47m,"Triceps Extension (Cable)",1,50.0,12.0,0,0.0,
2024-11-20 06:46:01,"Push Day 2.0",47m,"Triceps Extension (Cable)",2,53.0,10.0,0,0.0,
2024-11-20 06:46:01,"Push Day 2.0",47m,"Triceps Extension (Cable)",3,53.0,7.0,0,0.0,
2024-11-20 06:46:01,"Push Day 2.0",47m,"Chest Press (Machine)",1,90.0,10.0,0,0.0,
2024-11-20 06:46:01,"Push Day 2.0",47m,"Chest Press (Machine)",2,140.0,8.0,0,0.0,
2024-11-21 06:51:51,"Leg Day",41m,"Squat (Smith Machine)",1,135.0,10.0,0,0.0,
2024-11-21 06:51:51,"Leg Day",41m,"Squat (Smith Machine)",2,135.0,11.0,0,0.0,
2024-11-21 06:51:51,"Leg Day",41m,"Squat (Smith Machine)",3,155.0,11.0,0,0.0,
2024-11-21 06:51:51,"Leg Day",41m,"Squat (Smith Machine)",4,175.0,10.0,0,0.0,
2024-11-21 06:51:51,"Leg Day",41m,"Squat (Smith Machine)",5,175.0,6.0,0,0.0,
2024-11-21 06:51:51,"Leg Day",41m,"Standing Calf Raise (Bodyweight)",1,0,25.0,0,0.0,
2024-11-21 06:51:51,"Leg Day",41m,"Standing Calf Raise (Bodyweight)",2,0,27.0,0,0.0,
2024-11-21 06:51:51,"Leg Day",41m,"Standing Calf Raise (Bodyweight)",3,0,22.0,0,0.0,
2024-11-21 06:51:51,"Leg Day",41m,"Standing Calf Raise (Bodyweight)",4,0,24.0,0,0.0,
2024-11-21 06:51:51,"Leg Day",41m,"Leg Extension (Machine)",1,210.0,10.0,0,0.0,
2024-11-21 06:51:51,"Leg Day",41m,"Leg Extension (Machine)",2,220.0,11.0,0,0.0,
2024-11-21 06:51:51,"Leg Day",41m,"Leg Extension (Machine)",3,225.0,10.0,0,0.0,
2024-11-21 06:51:51,"Leg Day",41m,"Leg Extension (Machine)",4,225.0,6.0,0,0.0,
2024-11-21 06:51:51,"Leg Day",41m,"Lying Leg Curl (Machine)",1,160.0,10.0,0,0.0,
2024-11-21 06:51:51,"Leg Day",41m,"Lying Leg Curl (Machine)",2,165.0,8.0,0,0.0,
2024-11-21 06:51:51,"Leg Day",41m,"Lying Leg Curl (Machine)",3,165.0,6.0,0,0.0,
2024-11-21 06:51:51,"Leg Day",41m,"Lying Leg Curl (Machine)",4,145.0,8.0,0,0.0,
2024-11-21 06:51:51,"Leg Day",41m,"RFE Squat",1,50.0,10.0,0,0.0,
2024-11-21 06:51:51,"Leg Day",41m,"RFE Squat",2,50.0,7.0,0,0.0,
2024-11-21 06:51:51,"Leg Day",41m,"Romanian Deadlift (Dumbbell)",1,50.0,10.0,0,0.0,
2024-11-21 06:51:51,"Leg Day",41m,"Romanian Deadlift (Dumbbell)",2,50.0,7.0,0,0.0,
2024-11-22 08:36:19,"Back Bi Day",46m,"Pull Up (Assisted)",1,0.0,5.0,0,0.0,
2024-11-22 08:36:19,"Back Bi Day",46m,"Pull Up (Assisted)",2,60.0,8.0,0,0.0,
2024-11-22 08:36:19,"Back Bi Day",46m,"Pull Up (Assisted)",3,60.0,8.0,0,0.0,
2024-11-22 08:36:19,"Back Bi Day",46m,"Pull Up (Assisted)",4,60.0,6.0,0,0.0,
2024-11-22 08:36:19,"Back Bi Day",46m,"Bent Over One Arm Row (Dumbbell)",1,80.0,6.0,0,0.0,
2024-11-22 08:36:19,"Back Bi Day",46m,"Bent Over One Arm Row (Dumbbell)",2,80.0,6.0,0,0.0,
2024-11-22 08:36:19,"Back Bi Day",46m,"Bent Over One Arm Row (Dumbbell)",3,65.0,8.0,0,0.0,
2024-11-22 08:36:19,"Back Bi Day",46m,"Seated Row (Cable)",1,143.0,10.0,0,0.0,
2024-11-22 08:36:19,"Back Bi Day",46m,"Seated Row (Cable)",2,143.0,8.0,0,0.0,
2024-11-22 08:36:19,"Back Bi Day",46m,"Seated Row (Cable)",3,143.0,8.0,0,0.0,
2024-11-22 08:36:19,"Back Bi Day",46m,"Bicep Curl (Machine)",1,80.0,5.0,0,0.0,
2024-11-22 08:36:19,"Back Bi Day",46m,"Bicep Curl (Machine)",2,60.0,10.0,0,0.0,
2024-11-22 08:36:19,"Back Bi Day",46m,"Bicep Curl (Machine)",3,50.0,6.0,0,0.0,
2024-11-22 08:36:19,"Back Bi Day",46m,"Bicep Curl (Machine)",4,50.0,8.0,0,0.0,
2024-11-22 08:36:19,"Back Bi Day",46m,"Bicep Curl (Cable)",1,25.0,12.0,0,0.0,
2024-11-22 08:36:19,"Back Bi Day",46m,"Bicep Curl (Cable)",2,30.0,10.0,0,0.0,
2024-11-22 08:36:19,"Back Bi Day",46m,"Bicep Curl (Cable)",3,30.0,10.0,0,0.0,
2024-11-22 08:36:19,"Back Bi Day",46m,"Lat Pulldown (Cable)",1,115.0,10.0,0,0.0,
2024-11-22 08:36:19,"Back Bi Day",46m,"Lat Pulldown (Cable)",2,115.0,9.0,0,0.0,
2024-11-22 08:36:19,"Back Bi Day",46m,"Lat Pulldown (Cable)",3,115.0,8.0,0,0.0,
2024-11-22 08:36:19,"Back Bi Day",46m,"Reverse Fly (Cable)",1,8.0,15.0,0,0.0,
2024-11-22 08:36:19,"Back Bi Day",46m,"Reverse Fly (Cable)",2,10.0,12.0,0,0.0,
2024-11-22 08:36:19,"Back Bi Day",46m,"Reverse Fly (Cable)",3,10.0,8.0,0,0.0,
2024-11-23 07:50:34,"Push Day 2.0",52m,"Bench Press (Barbell)",1,45.0,10.0,0,0.0,
2024-11-23 07:50:34,"Push Day 2.0",52m,"Bench Press (Barbell)",2,135.0,10.0,0,0.0,
2024-11-23 07:50:34,"Push Day 2.0",52m,"Bench Press (Barbell)",3,185.0,5.0,0,0.0,
2024-11-23 07:50:34,"Push Day 2.0",52m,"Bench Press (Barbell)",4,225.0,6.0,0,0.0,
2024-11-23 07:50:34,"Push Day 2.0",52m,"Bench Press (Barbell)",5,205.0,5.0,0,0.0,
2024-11-23 07:50:34,"Push Day 2.0",52m,"Incline Bench Press (Dumbbell)",1,60.0,10.0,0,0.0,
2024-11-23 07:50:34,"Push Day 2.0",52m,"Incline Bench Press (Dumbbell)",2,60.0,8.0,0,0.0,
2024-11-23 07:50:34,"Push Day 2.0",52m,"Incline Bench Press (Dumbbell)",3,55.0,8.0,0,0.0,
2024-11-23 07:50:34,"Push Day 2.0",52m,"Lateral Raise (Dumbbell)",1,15.0,15.0,0,0.0,
2024-11-23 07:50:34,"Push Day 2.0",52m,"Lateral Raise (Dumbbell)",2,15.0,11.0,0,0.0,
2024-11-23 07:50:34,"Push Day 2.0",52m,"Lateral Raise (Dumbbell)",3,15.0,12.0,0,0.0,
2024-11-23 07:50:34,"Push Day 2.0",52m,"Lateral Raise (Cable)",1,10.0,11.0,0,0.0,
2024-11-23 07:50:34,"Push Day 2.0",52m,"Lateral Raise (Cable)",2,10.0,11.0,0,0.0,
2024-11-23 07:50:34,"Push Day 2.0",52m,"Lateral Raise (Cable)",3,10.0,10.0,0,0.0,
2024-11-23 07:50:34,"Push Day 2.0",52m,"Cable Crossover",1,20.0,10.0,0,0.0,
2024-11-23 07:50:34,"Push Day 2.0",52m,"Cable Crossover",2,23.0,10.0,0,0.0,
2024-11-23 07:50:34,"Push Day 2.0",52m,"Cable Crossover",3,23.0,8.0,0,0.0,
2024-11-23 07:50:34,"Push Day 2.0",52m,"Triceps Extension (Cable)",1,53.0,10.0,0,0.0,
2024-11-23 07:50:34,"Push Day 2.0",52m,"Triceps Extension (Cable)",2,53.0,8.0,0,0.0,
2024-11-23 07:50:34,"Push Day 2.0",52m,"Triceps Extension (Cable)",3,50.0,8.0,0,0.0,
2024-11-23 07:50:34,"Push Day 2.0",52m,"Triceps Pushdown (Cable - Straight Bar)",1,50.0,10.0,0,0.0,
2024-11-23 07:50:34,"Push Day 2.0",52m,"Triceps Pushdown (Cable - Straight Bar)",2,50.0,8.0,0,0.0,
2024-11-23 07:50:34,"Push Day 2.0",52m,"Triceps Pushdown (Cable - Straight Bar)",3,50.0,8.0,0,0.0,
2024-11-25 08:07:59,"Leg Day",48m,"Squat (Smith Machine)",1,45.0,10.0,0,0.0,
2024-11-25 08:07:59,"Leg Day",48m,"Squat (Smith Machine)",2,135.0,10.0,0,0.0,
2024-11-25 08:07:59,"Leg Day",48m,"Squat (Smith Machine)",3,155.0,10.0,0,0.0,
2024-11-25 08:07:59,"Leg Day",48m,"Squat (Smith Machine)",4,175.0,10.0,0,0.0,
2024-11-25 08:07:59,"Leg Day",48m,"Squat (Smith Machine)",5,185.0,8.0,0,0.0,
2024-11-25 08:07:59,"Leg Day",48m,"Standing Calf Raise (Bodyweight)",1,0,25.0,0,0.0,
2024-11-25 08:07:59,"Leg Day",48m,"Standing Calf Raise (Bodyweight)",2,0,25.0,0,0.0,
2024-11-25 08:07:59,"Leg Day",48m,"Standing Calf Raise (Bodyweight)",3,0,26.0,0,0.0,
2024-11-25 08:07:59,"Leg Day",48m,"Standing Calf Raise (Bodyweight)",4,0,27.0,0,0.0,
2024-11-25 08:07:59,"Leg Day",48m,"Leg Extension (Machine)",1,210.0,10.0,0,0.0,
2024-11-25 08:07:59,"Leg Day",48m,"Leg Extension (Machine)",2,210.0,11.0,0,0.0,
2024-11-25 08:07:59,"Leg Day",48m,"Leg Extension (Machine)",3,210.0,10.0,0,0.0,
2024-11-25 08:07:59,"Leg Day",48m,"Leg Extension (Machine)",4,190.0,10.0,0,0.0,
2024-11-25 08:07:59,"Leg Day",48m,"Lying Leg Curl (Machine)",1,160.0,10.0,0,0.0,
2024-11-25 08:07:59,"Leg Day",48m,"Lying Leg Curl (Machine)",2,150.0,8.0,0,0.0,
2024-11-25 08:07:59,"Leg Day",48m,"Lying Leg Curl (Machine)",3,130.0,10.0,0,0.0,
2024-11-25 08:07:59,"Leg Day",48m,"Lying Leg Curl (Machine)",4,130.0,8.0,0,0.0,
2024-11-25 08:07:59,"Leg Day",48m,"Hip Abductor (Machine)",1,120.0,15.0,0,0.0,
2024-11-25 08:07:59,"Leg Day",48m,"Hip Abductor (Machine)",2,140.0,13.0,0,0.0,
2024-11-25 08:07:59,"Leg Day",48m,"Hip Abductor (Machine)",3,160.0,11.0,0,0.0,
2024-11-26 08:04:25,"Back Bi Day",39m,"Pull Up (Assisted)",1,0.0,5.0,0,0.0,
2024-11-26 08:04:25,"Back Bi Day",39m,"Pull Up (Assisted)",2,60.0,8.0,0,0.0,
2024-11-26 08:04:25,"Back Bi Day",39m,"Pull Up (Assisted)",3,60.0,8.0,0,0.0,
2024-11-26 08:04:25,"Back Bi Day",39m,"Pull Up (Assisted)",4,60.0,7.0,0,0.0,
2024-11-26 08:04:25,"Back Bi Day",39m,"Bent Over One Arm Row (Dumbbell)",1,60.0,8.0,0,0.0,
2024-11-26 08:04:25,"Back Bi Day",39m,"Bent Over One Arm Row (Dumbbell)",2,60.0,10.0,0,0.0,
2024-11-26 08:04:25,"Back Bi Day",39m,"Bent Over One Arm Row (Dumbbell)",3,60.0,8.0,0,0.0,
2024-11-26 08:04:25,"Back Bi Day",39m,"Seated Row (Cable)",1,110.0,12.0,0,0.0,
2024-11-26 08:04:25,"Back Bi Day",39m,"Seated Row (Cable)",2,110.0,10.0,0,0.0,
2024-11-26 08:04:25,"Back Bi Day",39m,"Seated Row (Cable)",3,110.0,9.0,0,0.0,
2024-11-26 08:04:25,"Back Bi Day",39m,"Bicep Curl (Machine)",1,50.0,10.0,0,0.0,
2024-11-26 08:04:25,"Back Bi Day",39m,"Bicep Curl (Machine)",2,50.0,9.0,0,0.0,
2024-11-26 08:04:25,"Back Bi Day",39m,"Bicep Curl (Machine)",3,50.0,7.0,0,0.0,
2024-11-26 08:04:25,"Back Bi Day",39m,"Bicep Curl (Machine)",4,50.0,6.0,0,0.0,
2024-11-26 08:04:25,"Back Bi Day",39m,"Lat Pulldown (Cable)",1,143.0,6.0,0,0.0,
2024-11-26 08:04:25,"Back Bi Day",39m,"Lat Pulldown (Cable)",2,121.0,10.0,0,0.0,
2024-11-26 08:04:25,"Back Bi Day",39m,"Lat Pulldown (Cable)",3,121.0,9.0,0,0.0,
2024-11-27 09:00:59,"Push Day 2.0",47m,"Bench Press (Barbell)",1,45.0,10.0,0,0.0,
2024-11-27 09:00:59,"Push Day 2.0",47m,"Bench Press (Barbell)",2,135.0,10.0,0,0.0,
2024-11-27 09:00:59,"Push Day 2.0",47m,"Bench Press (Barbell)",3,185.0,8.0,0,0.0,
2024-11-27 09:00:59,"Push Day 2.0",47m,"Bench Press (Barbell)",4,205.0,6.0,0,0.0,
2024-11-27 09:00:59,"Push Day 2.0",47m,"Bench Press (Barbell)",5,210.0,5.0,0,0.0,
2024-11-27 09:00:59,"Push Day 2.0",47m,"Incline Bench Press (Dumbbell)",1,55.0,13.0,0,0.0,
2024-11-27 09:00:59,"Push Day 2.0",47m,"Incline Bench Press (Dumbbell)",2,55.0,12.0,0,0.0,
2024-11-27 09:00:59,"Push Day 2.0",47m,"Incline Bench Press (Dumbbell)",3,55.0,10.0,0,0.0,
2024-11-27 09:00:59,"Push Day 2.0",47m,"Lateral Raise (Dumbbell)",1,20.0,10.0,0,0.0,
2024-11-27 09:00:59,"Push Day 2.0",47m,"Lateral Raise (Dumbbell)",2,20.0,10.0,0,0.0,
2024-11-27 09:00:59,"Push Day 2.0",47m,"Lateral Raise (Dumbbell)",3,20.0,8.0,0,0.0,
2024-11-27 09:00:59,"Push Day 2.0",47m,"Lateral Raise (Cable)",1,10.0,12.0,0,0.0,
2024-11-27 09:00:59,"Push Day 2.0",47m,"Lateral Raise (Cable)",2,10.0,11.0,0,0.0,
2024-11-27 09:00:59,"Push Day 2.0",47m,"Cable Crossover",1,22.0,10.0,0,0.0,
2024-11-27 09:00:59,"Push Day 2.0",47m,"Cable Crossover",2,22.0,10.0,0,0.0,
2024-11-27 09:00:59,"Push Day 2.0",47m,"Cable Crossover",3,19.0,10.0,0,0.0,
2024-11-27 09:00:59,"Push Day 2.0",47m,"Triceps Extension (Cable)",1,43.0,12.0,0,0.0,
2024-11-27 09:00:59,"Push Day 2.0",47m,"Triceps Extension (Cable)",2,43.0,9.0,0,0.0,
2024-11-27 09:00:59,"Push Day 2.0",47m,"Triceps Extension (Cable)",3,40.0,10.0,0,0.0,
2024-11-30 13:42:52,"Back Bi Day",1h 5m,"Pull Up (Assisted)",1,0.0,5.0,0,0.0,
2024-11-30 13:42:52,"Back Bi Day",1h 5m,"Pull Up (Assisted)",2,70.0,8.0,0,0.0,
2024-11-30 13:42:52,"Back Bi Day",1h 5m,"Pull Up (Assisted)",3,70.0,8.0,0,0.0,
2024-11-30 13:42:52,"Back Bi Day",1h 5m,"Pull Up (Assisted)",4,70.0,8.0,0,0.0,
2024-11-30 13:42:52,"Back Bi Day",1h 5m,"Seated Row (Cable)",1,130.0,10.0,0,0.0,
2024-11-30 13:42:52,"Back Bi Day",1h 5m,"Seated Row (Cable)",2,130.0,11.0,0,0.0,
2024-11-30 13:42:52,"Back Bi Day",1h 5m,"Seated Row (Cable)",3,120.0,12.0,0,0.0,
2024-11-30 13:42:52,"Back Bi Day",1h 5m,"Bicep Curl (Machine)",1,55.0,14.0,0,0.0,
2024-11-30 13:42:52,"Back Bi Day",1h 5m,"Bicep Curl (Machine)",2,55.0,9.0,0,0.0,
2024-11-30 13:42:52,"Back Bi Day",1h 5m,"Bicep Curl (Machine)",3,50.0,10.0,0,0.0,
2024-11-30 13:42:52,"Back Bi Day",1h 5m,"Bicep Curl (Dumbbell)",1,17.5,12.0,0,0.0,
2024-11-30 13:42:52,"Back Bi Day",1h 5m,"Bicep Curl (Dumbbell)",2,17.5,12.0,0,0.0,
2024-11-30 13:42:52,"Back Bi Day",1h 5m,"Bicep Curl (Dumbbell)",3,15.0,12.0,0,0.0,
2024-11-30 13:42:52,"Back Bi Day",1h 5m,"Lat Pulldown (Single Arm)",1,35.0,10.0,0,0.0,
2024-11-30 13:42:52,"Back Bi Day",1h 5m,"Lat Pulldown (Single Arm)",2,30.0,12.0,0,0.0,
2024-11-30 13:42:52,"Back Bi Day",1h 5m,"Lat Pulldown (Single Arm)",3,30.0,14.0,0,0.0,
2024-11-30 13:42:52,"Back Bi Day",1h 5m,"Iso-Lateral Row (Machine)",1,65.0,12.0,0,0.0,
2024-11-30 13:42:52,"Back Bi Day",1h 5m,"Iso-Lateral Row (Machine)",2,60.0,14.0,0,0.0,
2024-11-30 13:42:52,"Back Bi Day",1h 5m,"Iso-Lateral Row (Machine)",3,55.0,14.0,0,0.0,
2024-12-02 06:51:53,"Leg Day",38m,"Squat (Smith Machine)",1,45.0,10.0,0,0.0,
2024-12-02 06:51:53,"Leg Day",38m,"Squat (Smith Machine)",2,135.0,10.0,0,0.0,
2024-12-02 06:51:53,"Leg Day",38m,"Squat (Smith Machine)",3,185.0,8.0,0,0.0,
2024-12-02 06:51:53,"Leg Day",38m,"Squat (Smith Machine)",4,185.0,8.0,0,0.0,
2024-12-02 06:51:53,"Leg Day",38m,"Squat (Smith Machine)",5,185.0,7.0,0,0.0,
2024-12-02 06:51:53,"Leg Day",38m,"Standing Calf Raise (Bodyweight)",1,0,27.0,0,0.0,
2024-12-02 06:51:53,"Leg Day",38m,"Standing Calf Raise (Bodyweight)",2,0,22.0,0,0.0,
2024-12-02 06:51:53,"Leg Day",38m,"Standing Calf Raise (Bodyweight)",3,0,26.0,0,0.0,
2024-12-02 06:51:53,"Leg Day",38m,"Standing Calf Raise (Bodyweight)",4,0,21.0,0,0.0,
2024-12-02 06:51:53,"Leg Day",38m,"Leg Extension (Machine)",1,220.0,12.0,0,0.0,
2024-12-02 06:51:53,"Leg Day",38m,"Leg Extension (Machine)",2,220.0,11.0,0,0.0,
2024-12-02 06:51:53,"Leg Day",38m,"Leg Extension (Machine)",3,210.0,10.0,0,0.0,
2024-12-02 06:51:53,"Leg Day",38m,"Leg Extension (Machine)",4,210.0,8.0,0,0.0,
2024-12-02 06:51:53,"Leg Day",38m,"Lying Leg Curl (Machine)",1,150.0,10.0,0,0.0,
2024-12-02 06:51:53,"Leg Day",38m,"Lying Leg Curl (Machine)",2,140.0,10.0,0,0.0,
2024-12-02 06:51:53,"Leg Day",38m,"Lying Leg Curl (Machine)",3,130.0,10.0,0,0.0,
2024-12-02 06:51:53,"Leg Day",38m,"Lying Leg Curl (Machine)",4,130.0,6.0,0,0.0,
2024-12-03 06:55:48,"Push Day 2.0",42m,"Bench Press (Barbell)",1,135.0,10.0,0,0.0,
2024-12-03 06:55:48,"Push Day 2.0",42m,"Bench Press (Barbell)",2,155.0,8.0,0,0.0,
2024-12-03 06:55:48,"Push Day 2.0",42m,"Bench Press (Barbell)",3,210.0,7.0,0,0.0,
2024-12-03 06:55:48,"Push Day 2.0",42m,"Bench Press (Barbell)",4,195.0,6.0,0,0.0,
2024-12-03 06:55:48,"Push Day 2.0",42m,"Bench Press (Barbell)",5,185.0,8.0,0,0.0,
2024-12-03 06:55:48,"Push Day 2.0",42m,"Incline Bench Press (Dumbbell)",1,60.0,10.0,0,0.0,
2024-12-03 06:55:48,"Push Day 2.0",42m,"Incline Bench Press (Dumbbell)",2,60.0,9.0,0,0.0,
2024-12-03 06:55:48,"Push Day 2.0",42m,"Incline Bench Press (Dumbbell)",3,60.0,8.0,0,0.0,
2024-12-03 06:55:48,"Push Day 2.0",42m,"Lateral Raise (Dumbbell)",1,20.0,10.0,0,0.0,
2024-12-03 06:55:48,"Push Day 2.0",42m,"Lateral Raise (Dumbbell)",2,20.0,8.0,0,0.0,
2024-12-03 06:55:48,"Push Day 2.0",42m,"Lateral Raise (Dumbbell)",3,15.0,8.0,0,0.0,
2024-12-03 06:55:48,"Push Day 2.0",42m,"Lateral Raise (Cable)",1,10.0,10.0,0,0.0,
2024-12-03 06:55:48,"Push Day 2.0",42m,"Lateral Raise (Cable)",2,10.0,10.0,0,0.0,
2024-12-03 06:55:48,"Push Day 2.0",42m,"Lateral Raise (Cable)",3,10.0,10.0,0,0.0,
2024-12-03 06:55:48,"Push Day 2.0",42m,"Cable Crossover",1,22.0,10.0,0,0.0,
2024-12-03 06:55:48,"Push Day 2.0",42m,"Cable Crossover",2,19.0,9.0,0,0.0,
2024-12-03 06:55:48,"Push Day 2.0",42m,"Cable Crossover",3,16.0,11.0,0,0.0,
2024-12-03 06:55:48,"Push Day 2.0",42m,"Triceps Extension (Cable)",1,43.0,15.0,0,0.0,
2024-12-03 06:55:48,"Push Day 2.0",42m,"Triceps Extension (Cable)",2,43.0,12.0,0,0.0,
2024-12-03 06:55:48,"Push Day 2.0",42m,"Triceps Extension (Cable)",3,40.0,10.0,0,0.0,
2024-12-04 06:57:02,"Back Bi Day",41m,"Pull Up (Assisted)",1,0.0,5.0,0,0.0,
2024-12-04 06:57:02,"Back Bi Day",41m,"Pull Up (Assisted)",2,80.0,7.0,0,0.0,
2024-12-04 06:57:02,"Back Bi Day",41m,"Pull Up (Assisted)",3,80.0,6.0,0,0.0,
2024-12-04 06:57:02,"Back Bi Day",41m,"Pull Up (Assisted)",4,80.0,8.0,0,0.0,
2024-12-04 06:57:02,"Back Bi Day",41m,"Seated Row (Cable)",1,121.0,11.0,0,0.0,
2024-12-04 06:57:02,"Back Bi Day",41m,"Seated Row (Cable)",2,121.0,10.0,0,0.0,
2024-12-04 06:57:02,"Back Bi Day",41m,"Seated Row (Cable)",3,121.0,10.0,0,0.0,
2024-12-04 06:57:02,"Back Bi Day",41m,"Bicep Curl (Machine)",1,60.0,11.0,0,0.0,
2024-12-04 06:57:02,"Back Bi Day",41m,"Bicep Curl (Machine)",2,55.0,8.0,0,0.0,
2024-12-04 06:57:02,"Back Bi Day",41m,"Bicep Curl (Machine)",3,50.0,8.0,0,0.0,
2024-12-04 06:57:02,"Back Bi Day",41m,"Straight Arm Pushdown",1,50.0,12.0,0,0.0,
2024-12-04 06:57:02,"Back Bi Day",41m,"Straight Arm Pushdown",2,50.0,10.0,0,0.0,
2024-12-04 06:57:02,"Back Bi Day",41m,"Straight Arm Pushdown",3,50.0,10.0,0,0.0,
2024-12-04 06:57:02,"Back Bi Day",41m,"Bicep Curl (Cable)",1,20.0,11.0,0,0.0,
2024-12-04 06:57:02,"Back Bi Day",41m,"Bicep Curl (Cable)",2,20.0,10.0,0,0.0,
2024-12-04 06:57:02,"Back Bi Day",41m,"Bicep Curl (Cable)",3,20.0,8.0,0,0.0,
2024-12-04 06:57:02,"Back Bi Day",41m,"Reverse Fly (Cable)",1,10.0,12.0,0,0.0,
2024-12-04 06:57:02,"Back Bi Day",41m,"Reverse Fly (Cable)",2,10.0,12.0,0,0.0,
2024-12-04 06:57:02,"Back Bi Day",41m,"Reverse Fly (Cable)",3,10.0,12.0,0,0.0,
2024-12-05 06:50:04,"Leg Day",45m,"Squat (Smith Machine)",1,135.0,10.0,0,0.0,
2024-12-05 06:50:04,"Leg Day",45m,"Squat (Smith Machine)",2,155.0,10.0,0,0.0,
2024-12-05 06:50:04,"Leg Day",45m,"Squat (Smith Machine)",3,175.0,8.0,0,0.0,
2024-12-05 06:50:04,"Leg Day",45m,"Squat (Smith Machine)",4,185.0,6.0,0,0.0,
2024-12-05 06:50:04,"Leg Day",45m,"Standing Calf Raise (Bodyweight)",1,0,21.0,0,0.0,
2024-12-05 06:50:04,"Leg Day",45m,"Standing Calf Raise (Bodyweight)",2,0,20.0,0,0.0,
2024-12-05 06:50:04,"Leg Day",45m,"Standing Calf Raise (Bodyweight)",3,0,21.0,0,0.0,
2024-12-05 06:50:04,"Leg Day",45m,"Standing Calf Raise (Bodyweight)",4,0,21.0,0,0.0,
2024-12-05 06:50:04,"Leg Day",45m,"Leg Extension (Machine)",1,180.0,11.0,0,0.0,
2024-12-05 06:50:04,"Leg Day",45m,"Leg Extension (Machine)",2,180.0,11.0,0,0.0,
2024-12-05 06:50:04,"Leg Day",45m,"Leg Extension (Machine)",3,180.0,11.0,0,0.0,
2024-12-05 06:50:04,"Leg Day",45m,"Lying Leg Curl (Machine)",1,130.0,11.0,0,0.0,
2024-12-05 06:50:04,"Leg Day",45m,"Lying Leg Curl (Machine)",2,130.0,11.0,0,0.0,
2024-12-05 06:50:04,"Leg Day",45m,"Lying Leg Curl (Machine)",3,120.0,11.0,0,0.0,
2024-12-05 06:50:04,"Leg Day",45m,"Bulgarian Split Squat",1,40.0,5.0,0,0.0,
2024-12-05 06:50:04,"Leg Day",45m,"Bulgarian Split Squat",2,40.0,5.0,0,0.0,
2024-12-05 06:50:04,"Leg Day",45m,"Romanian Deadlift (Dumbbell)",1,40.0,8.0,0,0.0,
2024-12-05 06:50:04,"Leg Day",45m,"Romanian Deadlift (Dumbbell)",2,40.0,6.0,0,0.0,
2024-12-06 08:31:32,"Push Day 2.0",53m,"Bench Press (Barbell)",1,45.0,10.0,0,0.0,
2024-12-06 08:31:32,"Push Day 2.0",53m,"Bench Press (Barbell)",2,135.0,10.0,0,0.0,
2024-12-06 08:31:32,"Push Day 2.0",53m,"Bench Press (Barbell)",3,185.0,3.0,0,0.0,
2024-12-06 08:31:32,"Push Day 2.0",53m,"Bench Press (Barbell)",4,225.0,4.0,0,0.0,
2024-12-06 08:31:32,"Push Day 2.0",53m,"Bench Press (Barbell)",5,205.0,6.0,0,0.0,
2024-12-06 08:31:32,"Push Day 2.0",53m,"Incline Bench Press (Dumbbell)",1,65.0,10.0,0,0.0,
2024-12-06 08:31:32,"Push Day 2.0",53m,"Incline Bench Press (Dumbbell)",2,65.0,9.0,0,0.0,
2024-12-06 08:31:32,"Push Day 2.0",53m,"Incline Bench Press (Dumbbell)",3,65.0,8.0,0,0.0,
2024-12-06 08:31:32,"Push Day 2.0",53m,"Lateral Raise (Dumbbell)",1,15.0,11.0,0,0.0,
2024-12-06 08:31:32,"Push Day 2.0",53m,"Lateral Raise (Dumbbell)",2,15.0,10.0,0,0.0,
2024-12-06 08:31:32,"Push Day 2.0",53m,"Lateral Raise (Dumbbell)",3,15.0,10.0,0,0.0,
2024-12-06 08:31:32,"Push Day 2.0",53m,"Lateral Raise (Cable)",1,10.0,12.0,0,0.0,
2024-12-06 08:31:32,"Push Day 2.0",53m,"Lateral Raise (Cable)",2,10.0,12.0,0,0.0,
2024-12-06 08:31:32,"Push Day 2.0",53m,"Cable Crossover",1,19.0,10.0,0,0.0,
2024-12-06 08:31:32,"Push Day 2.0",53m,"Cable Crossover",2,19.0,10.0,0,0.0,
2024-12-06 08:31:32,"Push Day 2.0",53m,"Cable Crossover",3,16.0,10.0,0,0.0,
2024-12-06 08:31:32,"Push Day 2.0",53m,"Triceps Extension (Cable)",1,43.0,12.0,0,0.0,
2024-12-06 08:31:32,"Push Day 2.0",53m,"Triceps Extension (Cable)",2,47.0,10.0,0,0.0,
2024-12-06 08:31:32,"Push Day 2.0",53m,"Triceps Extension (Cable)",3,47.0,10.0,0,0.0,
2024-12-08 09:13:27,"Leg Day",56m,"Squat (Smith Machine)",1,45.0,10.0,0,0.0,
2024-12-08 09:13:27,"Leg Day",56m,"Squat (Smith Machine)",2,135.0,10.0,0,0.0,
2024-12-08 09:13:27,"Leg Day",56m,"Squat (Smith Machine)",3,175.0,9.0,0,0.0,
2024-12-08 09:13:27,"Leg Day",56m,"Squat (Smith Machine)",4,175.0,8.0,0,0.0,
2024-12-08 09:13:27,"Leg Day",56m,"Standing Calf Raise (Bodyweight)",1,0,23.0,0,0.0,
2024-12-08 09:13:27,"Leg Day",56m,"Standing Calf Raise (Bodyweight)",2,0,22.0,0,0.0,
2024-12-08 09:13:27,"Leg Day",56m,"Standing Calf Raise (Bodyweight)",3,0,24.0,0,0.0,
2024-12-08 09:13:27,"Leg Day",56m,"Standing Calf Raise (Bodyweight)",4,0,23.0,0,0.0,
2024-12-08 09:13:27,"Leg Day",56m,"Leg Extension (Machine)",1,220.0,10.0,0,0.0,
2024-12-08 09:13:27,"Leg Day",56m,"Leg Extension (Machine)",2,220.0,11.0,0,0.0,
2024-12-08 09:13:27,"Leg Day",56m,"Leg Extension (Machine)",3,220.0,13.0,0,0.0,
2024-12-08 09:13:27,"Leg Day",56m,"Lying Leg Curl (Machine)",1,150.0,11.0,0,0.0,
2024-12-08 09:13:27,"Leg Day",56m,"Lying Leg Curl (Machine)",2,140.0,10.0,0,0.0,
2024-12-08 09:13:27,"Leg Day",56m,"Lying Leg Curl (Machine)",3,130.0,10.0,0,0.0,
2024-12-08 09:13:27,"Leg Day",56m,"Hip Abductor (Machine)",1,0.0,0.0,0,0.0,
2024-12-08 09:13:27,"Leg Day",56m,"Hip Abductor (Machine)",2,0.0,0.0,0,0.0,
2024-12-08 09:13:27,"Leg Day",56m,"Hip Abductor (Machine)",3,0.0,0.0,0,0.0,
2024-12-08 09:13:27,"Leg Day",56m,"Squat (Dumbbell)",1,80.0,10.0,0,0.0,
2024-12-08 09:13:27,"Leg Day",56m,"Squat (Dumbbell)",2,80.0,8.0,0,0.0,
2024-12-08 09:13:27,"Leg Day",56m,"Squat (Dumbbell)",3,0.0,15.0,0,0.0,
2024-12-08 09:13:27,"Leg Day",56m,"Romanian Deadlift (Dumbbell)",1,40.0,15.0,0,0.0,
2024-12-08 09:13:27,"Leg Day",56m,"Romanian Deadlift (Dumbbell)",2,40.0,12.0,0,0.0,
2024-12-08 09:13:27,"Leg Day",56m,"Romanian Deadlift (Dumbbell)",3,40.0,12.0,0,0.0,
2024-12-09 06:51:42,"Push Day 2.0",48m,"Bench Press (Barbell)",1,0.0,0.0,0,0.0,
2024-12-09 06:51:42,"Push Day 2.0",48m,"Bench Press (Barbell)",2,0.0,0.0,0,0.0,
2024-12-09 06:51:42,"Push Day 2.0",48m,"Bench Press (Barbell)",3,0.0,0.0,0,0.0,
2024-12-09 06:51:42,"Push Day 2.0",48m,"Bench Press (Barbell)",4,0.0,0.0,0,0.0,
2024-12-09 06:51:42,"Push Day 2.0",48m,"Bench Press (Barbell)",5,0.0,0.0,0,0.0,
2024-12-09 06:51:42,"Push Day 2.0",48m,"Incline Bench Press (Dumbbell)",1,40.0,15.0,0,0.0,
2024-12-09 06:51:42,"Push Day 2.0",48m,"Incline Bench Press (Dumbbell)",2,60.0,12.0,0,0.0,
2024-12-09 06:51:42,"Push Day 2.0",48m,"Incline Bench Press (Dumbbell)",3,70.0,10.0,0,0.0,
2024-12-09 06:51:42,"Push Day 2.0",48m,"Incline Bench Press (Dumbbell)",4,70.0,8.0,0,0.0,
2024-12-09 06:51:42,"Push Day 2.0",48m,"Lateral Raise (Dumbbell)",1,15.0,13.0,0,0.0,
2024-12-09 06:51:42,"Push Day 2.0",48m,"Lateral Raise (Dumbbell)",2,15.0,11.0,0,0.0,
2024-12-09 06:51:42,"Push Day 2.0",48m,"Lateral Raise (Dumbbell)",3,15.0,10.0,0,0.0,
2024-12-09 06:51:42,"Push Day 2.0",48m,"Cable Crossover",1,19.0,12.0,0,0.0,
2024-12-09 06:51:42,"Push Day 2.0",48m,"Cable Crossover",2,19.0,10.0,0,0.0,
2024-12-09 06:51:42,"Push Day 2.0",48m,"Cable Crossover",3,19.0,10.0,0,0.0,
2024-12-09 06:51:42,"Push Day 2.0",48m,"Cable Crossover",4,16.0,8.0,0,0.0,
2024-12-09 06:51:42,"Push Day 2.0",48m,"Triceps Extension (Cable)",1,50.0,10.0,0,0.0,
2024-12-09 06:51:42,"Push Day 2.0",48m,"Triceps Extension (Cable)",2,50.0,7.0,0,0.0,
2024-12-09 06:51:42,"Push Day 2.0",48m,"Triceps Extension (Cable)",3,43.0,8.0,0,0.0,
2024-12-09 06:51:42,"Push Day 2.0",48m,"Lateral Raise (Cable)",1,12.5,10.0,0,0.0,
2024-12-09 06:51:42,"Push Day 2.0",48m,"Lateral Raise (Cable)",2,16.0,10.0,0,0.0,
2024-12-09 06:51:42,"Push Day 2.0",48m,"Lateral Raise (Cable)",3,16.0,11.0,0,0.0,
2024-12-09 06:51:42,"Push Day 2.0",48m,"Triceps Pushdown (Cable - Straight Bar)",1,0.0,0.0,0,0.0,
2024-12-09 06:51:42,"Push Day 2.0",48m,"Triceps Pushdown (Cable - Straight Bar)",2,0.0,0.0,0,0.0,
2024-12-09 06:51:42,"Push Day 2.0",48m,"Triceps Pushdown (Cable - Straight Bar)",3,0.0,0.0,0,0.0,
2024-12-09 06:51:42,"Push Day 2.0",48m,"Chest Press (Machine)",1,90.0,10.0,0,0.0,
2024-12-09 06:51:42,"Push Day 2.0",48m,"Chest Press (Machine)",2,90.0,10.0,0,0.0,
2024-12-09 06:51:42,"Push Day 2.0",48m,"Chest Press (Machine)",3,90.0,10.0,0,0.0,
2024-12-09 06:51:42,"Push Day 2.0",48m,"Triceps Extension",1,23.0,10.0,0,0.0,
2024-12-09 06:51:42,"Push Day 2.0",48m,"Triceps Extension",2,23.0,10.0,0,0.0,
2024-12-09 06:51:42,"Push Day 2.0",48m,"Triceps Extension",3,23.0,11.0,0,0.0,
2024-12-10 06:53:44,"Back Bi Day",46m,"Pull Up (Assisted)",1,0.0,0.0,0,0.0,
2024-12-10 06:53:44,"Back Bi Day",46m,"Pull Up (Assisted)",2,0.0,0.0,0,0.0,
2024-12-10 06:53:44,"Back Bi Day",46m,"Pull Up (Assisted)",3,0.0,0.0,0,0.0,
2024-12-10 06:53:44,"Back Bi Day",46m,"Pull Up (Assisted)",4,0.0,0.0,0,0.0,
2024-12-10 06:53:44,"Back Bi Day",46m,"Bent Over One Arm Row (Dumbbell)",1,0.0,0.0,0,0.0,
2024-12-10 06:53:44,"Back Bi Day",46m,"Bent Over One Arm Row (Dumbbell)",2,0.0,0.0,0,0.0,
2024-12-10 06:53:44,"Back Bi Day",46m,"Bent Over One Arm Row (Dumbbell)",3,0.0,0.0,0,0.0,
2024-12-10 06:53:44,"Back Bi Day",46m,"Seated Row (Cable)",1,110.0,13.0,0,0.0,
2024-12-10 06:53:44,"Back Bi Day",46m,"Seated Row (Cable)",2,110.0,14.0,0,0.0,
2024-12-10 06:53:44,"Back Bi Day",46m,"Seated Row (Cable)",3,110.0,13.0,0,0.0,
2024-12-10 06:53:44,"Back Bi Day",46m,"Bicep Curl (Machine)",1,70.0,8.0,0,0.0,
2024-12-10 06:53:44,"Back Bi Day",46m,"Bicep Curl (Machine)",2,50.0,12.0,0,0.0,
2024-12-10 06:53:44,"Back Bi Day",46m,"Bicep Curl (Machine)",3,30.0,12.0,0,0.0,
2024-12-10 06:53:44,"Back Bi Day",46m,"Lat Pulldown (Cable)",1,88.0,15.0,0,0.0,
2024-12-10 06:53:44,"Back Bi Day",46m,"Lat Pulldown (Cable)",2,121.0,11.0,0,0.0,
2024-12-10 06:53:44,"Back Bi Day",46m,"Lat Pulldown (Cable)",3,126.0,9.0,0,0.0,
2024-12-10 06:53:44,"Back Bi Day",46m,"Lat Pulldown (Cable)",4,126.0,7.0,0,0.0,
2024-12-10 06:53:44,"Back Bi Day",46m,"Lat Pulldown (Cable)",5,110.0,8.0,0,0.0,
2024-12-10 06:53:44,"Back Bi Day",46m,"Iso-Lateral Row (Machine)",1,0.0,0.0,0,0.0,
2024-12-10 06:53:44,"Back Bi Day",46m,"Iso-Lateral Row (Machine)",2,0.0,0.0,0,0.0,
2024-12-10 06:53:44,"Back Bi Day",46m,"Iso-Lateral Row (Machine)",3,0.0,0.0,0,0.0,
2024-12-10 06:53:44,"Back Bi Day",46m,"Bicep Curl (Cable)",1,0.0,0.0,0,0.0,
2024-12-10 06:53:44,"Back Bi Day",46m,"Bicep Curl (Cable)",2,0.0,0.0,0,0.0,
2024-12-10 06:53:44,"Back Bi Day",46m,"Bicep Curl (Cable)",3,0.0,0.0,0,0.0,
2024-12-10 06:53:44,"Back Bi Day",46m,"Reverse Fly (Cable)",1,10.0,14.0,0,0.0,
2024-12-10 06:53:44,"Back Bi Day",46m,"Reverse Fly (Cable)",2,10.0,12.0,0,0.0,
2024-12-10 06:53:44,"Back Bi Day",46m,"Reverse Fly (Cable)",3,10.0,15.0,0,0.0,
2024-12-10 06:53:44,"Back Bi Day",46m,"Incline Curl (Dumbbell)",1,20.0,13.0,0,0.0,
2024-12-10 06:53:44,"Back Bi Day",46m,"Incline Curl (Dumbbell)",2,20.0,12.0,0,0.0,
2024-12-10 06:53:44,"Back Bi Day",46m,"Incline Curl (Dumbbell)",3,20.0,10.0,0,0.0,
2024-12-10 06:53:44,"Back Bi Day",46m,"Seated Row (Machine)",1,45.0,10.0,0,0.0,
2024-12-10 06:53:44,"Back Bi Day",46m,"Seated Row (Machine)",2,55.0,10.0,0,0.0,
2024-12-10 06:53:44,"Back Bi Day",46m,"Seated Row (Machine)",3,55.0,8.0,0,0.0,
2024-12-12 06:53:49,"Leg Day",45m,"Squat (Smith Machine)",1,45.0,15.0,0,0.0,
2024-12-12 06:53:49,"Leg Day",45m,"Squat (Smith Machine)",2,135.0,15.0,0,0.0,
2024-12-12 06:53:49,"Leg Day",45m,"Squat (Smith Machine)",3,155.0,10.0,0,0.0,
2024-12-12 06:53:49,"Leg Day",45m,"Squat (Smith Machine)",4,155.0,10.0,0,0.0,
2024-12-12 06:53:49,"Leg Day",45m,"Standing Calf Raise (Bodyweight)",1,0,25.0,0,0.0,
2024-12-12 06:53:49,"Leg Day",45m,"Standing Calf Raise (Bodyweight)",2,0,25.0,0,0.0,
2024-12-12 06:53:49,"Leg Day",45m,"Standing Calf Raise (Bodyweight)",3,0,25.0,0,0.0,
2024-12-12 06:53:49,"Leg Day",45m,"Standing Calf Raise (Bodyweight)",4,0,23.0,0,0.0,
2024-12-12 06:53:49,"Leg Day",45m,"Leg Extension (Machine)",1,220.0,10.0,0,0.0,
2024-12-12 06:53:49,"Leg Day",45m,"Leg Extension (Machine)",2,200.0,10.0,0,0.0,
2024-12-12 06:53:49,"Leg Day",45m,"Leg Extension (Machine)",3,180.0,11.0,0,0.0,
2024-12-12 06:53:49,"Leg Day",45m,"Lying Leg Curl (Machine)",1,140.0,13.0,0,0.0,
2024-12-12 06:53:49,"Leg Day",45m,"Lying Leg Curl (Machine)",2,130.0,12.0,0,0.0,
2024-12-12 06:53:49,"Leg Day",45m,"Lying Leg Curl (Machine)",3,120.0,11.0,0,0.0,
2024-12-12 06:53:49,"Leg Day",45m,"Hip Abductor (Machine)",1,120.0,16.0,0,0.0,
2024-12-12 06:53:49,"Leg Day",45m,"Hip Abductor (Machine)",2,140.0,14.0,0,0.0,
2024-12-12 06:53:49,"Leg Day",45m,"Hip Abductor (Machine)",3,140.0,12.0,0,0.0,
2024-12-12 06:53:49,"Leg Day",45m,"Squat (Dumbbell)",1,0.0,0.0,0,0.0,
2024-12-12 06:53:49,"Leg Day",45m,"Squat (Dumbbell)",2,0.0,0.0,0,0.0,
2024-12-12 06:53:49,"Leg Day",45m,"Squat (Dumbbell)",3,0.0,0.0,0,0.0,
2024-12-12 06:53:49,"Leg Day",45m,"Romanian Deadlift (Dumbbell)",1,0.0,0.0,0,0.0,
2024-12-12 06:53:49,"Leg Day",45m,"Romanian Deadlift (Dumbbell)",2,0.0,0.0,0,0.0,
2024-12-12 06:53:49,"Leg Day",45m,"Romanian Deadlift (Dumbbell)",3,0.0,0.0,0,0.0,
2024-12-14 09:02:58,"Push Day 2.0",1h 7m,"Bench Press (Barbell)",1,45.0,15.0,0,0.0,
2024-12-14 09:02:58,"Push Day 2.0",1h 7m,"Bench Press (Barbell)",2,135.0,15.0,0,0.0,
2024-12-14 09:02:58,"Push Day 2.0",1h 7m,"Bench Press (Barbell)",3,185.0,3.0,0,0.0,
2024-12-14 09:02:58,"Push Day 2.0",1h 7m,"Bench Press (Barbell)",4,225.0,4.0,0,0.0,
2024-12-14 09:02:58,"Push Day 2.0",1h 7m,"Bench Press (Barbell)",5,205.0,8.0,0,0.0,
2024-12-14 09:02:58,"Push Day 2.0",1h 7m,"Incline Bench Press (Dumbbell)",1,50.0,15.0,0,0.0,
2024-12-14 09:02:58,"Push Day 2.0",1h 7m,"Incline Bench Press (Dumbbell)",2,50.0,13.0,0,0.0,
2024-12-14 09:02:58,"Push Day 2.0",1h 7m,"Incline Bench Press (Dumbbell)",3,50.0,11.0,0,0.0,
2024-12-14 09:02:58,"Push Day 2.0",1h 7m,"Lateral Raise (Dumbbell)",1,20.0,10.0,0,0.0,
2024-12-14 09:02:58,"Push Day 2.0",1h 7m,"Lateral Raise (Dumbbell)",2,20.0,9.0,0,0.0,
2024-12-14 09:02:58,"Push Day 2.0",1h 7m,"Lateral Raise (Dumbbell)",3,15.0,10.0,0,0.0,
2024-12-14 09:02:58,"Push Day 2.0",1h 7m,"Cable Crossover",1,20.0,10.0,0,0.0,
2024-12-14 09:02:58,"Push Day 2.0",1h 7m,"Cable Crossover",2,20.0,10.0,0,0.0,
2024-12-14 09:02:58,"Push Day 2.0",1h 7m,"Cable Crossover",3,20.0,10.0,0,0.0,
2024-12-14 09:02:58,"Push Day 2.0",1h 7m,"Triceps Extension (Cable)",1,43.0,15.0,0,0.0,
2024-12-14 09:02:58,"Push Day 2.0",1h 7m,"Triceps Extension (Cable)",2,47.0,12.0,0,0.0,
2024-12-14 09:02:58,"Push Day 2.0",1h 7m,"Triceps Extension (Cable)",3,47.0,9.0,0,0.0,
2024-12-14 09:02:58,"Push Day 2.0",1h 7m,"Lateral Raise (Cable)",1,12.5,12.0,0,0.0,
2024-12-14 09:02:58,"Push Day 2.0",1h 7m,"Lateral Raise (Cable)",2,12.5,10.0,0,0.0,
2024-12-14 09:02:58,"Push Day 2.0",1h 7m,"Lateral Raise (Cable)",3,10.0,10.0,0,0.0,
2024-12-14 09:02:58,"Push Day 2.0",1h 7m,"Triceps Pushdown (Cable - Straight Bar)",1,120.0,12.0,0,0.0,
2024-12-14 09:02:58,"Push Day 2.0",1h 7m,"Triceps Pushdown (Cable - Straight Bar)",2,120.0,10.0,0,0.0,
2024-12-14 09:02:58,"Push Day 2.0",1h 7m,"Triceps Pushdown (Cable - Straight Bar)",3,120.0,10.0,0,0.0,
2024-12-14 09:02:58,"Push Day 2.0",1h 7m,"Chest Press (Machine)",1,0.0,0.0,0,0.0,
2024-12-14 09:02:58,"Push Day 2.0",1h 7m,"Chest Press (Machine)",2,0.0,0.0,0,0.0,
2024-12-14 09:02:58,"Push Day 2.0",1h 7m,"Chest Press (Machine)",3,0.0,0.0,0,0.0,
2024-12-14 09:02:58,"Push Day 2.0",1h 7m,"Triceps Extension",1,0.0,0.0,0,0.0,
2024-12-14 09:02:58,"Push Day 2.0",1h 7m,"Triceps Extension",2,0.0,0.0,0,0.0,
2024-12-14 09:02:58,"Push Day 2.0",1h 7m,"Triceps Extension",3,0.0,0.0,0,0.0,
2024-12-15 11:20:51,"Back Bi Day",1h 3m,"Pull Up (Assisted)",1,60.0,8.0,0,0.0,
2024-12-15 11:20:51,"Back Bi Day",1h 3m,"Pull Up (Assisted)",2,80.0,8.0,0,0.0,
2024-12-15 11:20:51,"Back Bi Day",1h 3m,"Pull Up (Assisted)",3,80.0,6.0,0,0.0,
2024-12-15 11:20:51,"Back Bi Day",1h 3m,"Bent Over One Arm Row (Dumbbell)",1,55.0,12.0,0,0.0,
2024-12-15 11:20:51,"Back Bi Day",1h 3m,"Bent Over One Arm Row (Dumbbell)",2,65.0,12.0,0,0.0,
2024-12-15 11:20:51,"Back Bi Day",1h 3m,"Bent Over One Arm Row (Dumbbell)",3,65.0,9.0,0,0.0,
2024-12-15 11:20:51,"Back Bi Day",1h 3m,"Seated Row (Cable)",1,143.0,13.0,0,0.0,
2024-12-15 11:20:51,"Back Bi Day",1h 3m,"Seated Row (Cable)",2,143.0,10.0,0,0.0,
2024-12-15 11:20:51,"Back Bi Day",1h 3m,"Seated Row (Cable)",3,121.0,10.0,0,0.0,
2024-12-15 11:20:51,"Back Bi Day",1h 3m,"Seated Row (Cable)",4,121.0,9.0,0,0.0,
2024-12-15 11:20:51,"Back Bi Day",1h 3m,"Bicep Curl (Machine)",1,40.0,11.0,0,0.0,
2024-12-15 11:20:51,"Back Bi Day",1h 3m,"Bicep Curl (Machine)",2,35.0,10.0,0,0.0,
2024-12-15 11:20:51,"Back Bi Day",1h 3m,"Bicep Curl (Machine)",3,35.0,8.0,0,0.0,
2024-12-15 11:20:51,"Back Bi Day",1h 3m,"Lat Pulldown (Cable)",1,0.0,0.0,0,0.0,
2024-12-15 11:20:51,"Back Bi Day",1h 3m,"Lat Pulldown (Cable)",2,0.0,0.0,0,0.0,
2024-12-15 11:20:51,"Back Bi Day",1h 3m,"Lat Pulldown (Cable)",3,0.0,0.0,0,0.0,
2024-12-15 11:20:51,"Back Bi Day",1h 3m,"Lat Pulldown (Cable)",4,0.0,0.0,0,0.0,
2024-12-15 11:20:51,"Back Bi Day",1h 3m,"Lat Pulldown (Cable)",5,0.0,0.0,0,0.0,
2024-12-15 11:20:51,"Back Bi Day",1h 3m,"Iso-Lateral Row (Machine)",1,0.0,0.0,0,0.0,
2024-12-15 11:20:51,"Back Bi Day",1h 3m,"Iso-Lateral Row (Machine)",2,0.0,0.0,0,0.0,
2024-12-15 11:20:51,"Back Bi Day",1h 3m,"Iso-Lateral Row (Machine)",3,0.0,0.0,0,0.0,
2024-12-15 11:20:51,"Back Bi Day",1h 3m,"Bicep Curl (Cable)",1,17.0,12.0,0,0.0,
2024-12-15 11:20:51,"Back Bi Day",1h 3m,"Bicep Curl (Cable)",2,17.0,11.0,0,0.0,
2024-12-15 11:20:51,"Back Bi Day",1h 3m,"Bicep Curl (Cable)",3,17.0,8.0,0,0.0,
2024-12-15 11:20:51,"Back Bi Day",1h 3m,"Reverse Fly (Cable)",1,14.0,14.0,0,0.0,
2024-12-15 11:20:51,"Back Bi Day",1h 3m,"Reverse Fly (Cable)",2,14.0,12.0,0,0.0,
2024-12-15 11:20:51,"Back Bi Day",1h 3m,"Reverse Fly (Cable)",3,14.0,12.0,0,0.0,
2024-12-15 11:20:51,"Back Bi Day",1h 3m,"Incline Curl (Dumbbell)",1,20.0,10.0,0,0.0,
2024-12-15 11:20:51,"Back Bi Day",1h 3m,"Incline Curl (Dumbbell)",2,20.0,11.0,0,0.0,
2024-12-15 11:20:51,"Back Bi Day",1h 3m,"Incline Curl (Dumbbell)",3,20.0,9.0,0,0.0,
2024-12-15 11:20:51,"Back Bi Day",1h 3m,"Seated Row (Machine)",1,0.0,0.0,0,0.0,
2024-12-15 11:20:51,"Back Bi Day",1h 3m,"Seated Row (Machine)",2,0.0,0.0,0,0.0,
2024-12-15 11:20:51,"Back Bi Day",1h 3m,"Seated Row (Machine)",3,0.0,0.0,0,0.0,
2024-12-15 11:20:51,"Back Bi Day",1h 3m,"Straight Arm Pushdown",1,47.0,11.0,0,0.0,
2024-12-15 11:20:51,"Back Bi Day",1h 3m,"Straight Arm Pushdown",2,47.0,10.0,0,0.0,
2024-12-15 11:20:51,"Back Bi Day",1h 3m,"Straight Arm Pushdown",3,47.0,10.0,0,0.0,
2024-12-16 06:57:41,"Leg Day",38m,"Squat (Smith Machine)",1,45.0,15.0,0,0.0,
2024-12-16 06:57:41,"Leg Day",38m,"Squat (Smith Machine)",2,135.0,12.0,0,0.0,
2024-12-16 06:57:41,"Leg Day",38m,"Squat (Smith Machine)",3,155.0,10.0,0,0.0,
2024-12-16 06:57:41,"Leg Day",38m,"Squat (Smith Machine)",4,165.0,10.0,0,0.0,
2024-12-16 06:57:41,"Leg Day",38m,"Standing Calf Raise (Bodyweight)",1,0,25.0,0,0.0,
2024-12-16 06:57:41,"Leg Day",38m,"Standing Calf Raise (Bodyweight)",2,0,24.0,0,0.0,
2024-12-16 06:57:41,"Leg Day",38m,"Standing Calf Raise (Bodyweight)",3,0,23.0,0,0.0,
2024-12-16 06:57:41,"Leg Day",38m,"Standing Calf Raise (Bodyweight)",4,0,23.0,0,0.0,
2024-12-16 06:57:41,"Leg Day",38m,"Leg Extension (Machine)",1,200.0,11.0,0,0.0,
2024-12-16 06:57:41,"Leg Day",38m,"Leg Extension (Machine)",2,200.0,11.0,0,0.0,
2024-12-16 06:57:41,"Leg Day",38m,"Leg Extension (Machine)",3,200.0,9.0,0,0.0,
2024-12-16 06:57:41,"Leg Day",38m,"Lying Leg Curl (Machine)",1,140.0,13.0,0,0.0,
2024-12-16 06:57:41,"Leg Day",38m,"Lying Leg Curl (Machine)",2,130.0,11.0,0,0.0,
2024-12-16 06:57:41,"Leg Day",38m,"Lying Leg Curl (Machine)",3,120.0,11.0,0,0.0,
2024-12-17 06:56:49,"Push Day 2.0",44m,"Bench Press (Barbell)",1,45.0,15.0,0,0.0,
2024-12-17 06:56:49,"Push Day 2.0",44m,"Bench Press (Barbell)",2,135.0,10.0,0,0.0,
2024-12-17 06:56:49,"Push Day 2.0",44m,"Bench Press (Barbell)",3,185.0,6.0,0,0.0,
2024-12-17 06:56:49,"Push Day 2.0",44m,"Bench Press (Barbell)",4,205.0,4.0,0,0.0,
2024-12-17 06:56:49,"Push Day 2.0",44m,"Bench Press (Barbell)",5,225.0,4.0,0,0.0,
2024-12-17 06:56:49,"Push Day 2.0",44m,"Bench Press (Barbell)",6,235.0,3.0,0,0.0,
2024-12-17 06:56:49,"Push Day 2.0",44m,"Incline Bench Press (Dumbbell)",1,60.0,12.0,0,0.0,
2024-12-17 06:56:49,"Push Day 2.0",44m,"Incline Bench Press (Dumbbell)",2,60.0,10.0,0,0.0,
2024-12-17 06:56:49,"Push Day 2.0",44m,"Incline Bench Press (Dumbbell)",3,60.0,9.0,0,0.0,
2024-12-17 06:56:49,"Push Day 2.0",44m,"Lateral Raise (Dumbbell)",1,20.0,10.0,0,0.0,
2024-12-17 06:56:49,"Push Day 2.0",44m,"Lateral Raise (Dumbbell)",2,20.0,10.0,0,0.0,
2024-12-17 06:56:49,"Push Day 2.0",44m,"Lateral Raise (Dumbbell)",3,20.0,8.0,0,0.0,
2024-12-17 06:56:49,"Push Day 2.0",44m,"Cable Crossover",1,20.0,10.0,0,0.0,
2024-12-17 06:56:49,"Push Day 2.0",44m,"Cable Crossover",2,16.0,11.0,0,0.0,
2024-12-17 06:56:49,"Push Day 2.0",44m,"Cable Crossover",3,16.0,10.0,0,0.0,
2024-12-17 06:56:49,"Push Day 2.0",44m,"Triceps Extension (Cable)",1,50.0,13.0,0,0.0,
2024-12-17 06:56:49,"Push Day 2.0",44m,"Triceps Extension (Cable)",2,50.0,11.0,0,0.0,
2024-12-17 06:56:49,"Push Day 2.0",44m,"Triceps Extension (Cable)",3,47.0,10.0,0,0.0,
2024-12-17 06:56:49,"Push Day 2.0",44m,"Lateral Raise (Cable)",1,12.5,11.0,0,0.0,
2024-12-17 06:56:49,"Push Day 2.0",44m,"Lateral Raise (Cable)",2,12.5,11.0,0,0.0,
2024-12-17 06:56:49,"Push Day 2.0",44m,"Lateral Raise (Cable)",3,10.0,11.0,0,0.0,
2024-12-17 06:56:49,"Push Day 2.0",44m,"Triceps Pushdown (Cable - Straight Bar)",1,0.0,0.0,0,0.0,
2024-12-17 06:56:49,"Push Day 2.0",44m,"Triceps Pushdown (Cable - Straight Bar)",2,0.0,0.0,0,0.0,
2024-12-17 06:56:49,"Push Day 2.0",44m,"Triceps Pushdown (Cable - Straight Bar)",3,0.0,0.0,0,0.0,
2024-12-17 06:56:49,"Push Day 2.0",44m,"Chest Press (Machine)",1,0.0,0.0,0,0.0,
2024-12-17 06:56:49,"Push Day 2.0",44m,"Chest Press (Machine)",2,0.0,0.0,0,0.0,
2024-12-17 06:56:49,"Push Day 2.0",44m,"Chest Press (Machine)",3,0.0,0.0,0,0.0,
2024-12-17 06:56:49,"Push Day 2.0",44m,"Triceps Extension",1,0.0,0.0,0,0.0,
2024-12-17 06:56:49,"Push Day 2.0",44m,"Triceps Extension",2,0.0,0.0,0,0.0,
2024-12-17 06:56:49,"Push Day 2.0",44m,"Triceps Extension",3,0.0,0.0,0,0.0,
2024-12-18 06:53:16,"Leg Day",47m,"Squat (Smith Machine)",1,45.0,15.0,0,0.0,
2024-12-18 06:53:16,"Leg Day",47m,"Squat (Smith Machine)",2,135.0,12.0,0,0.0,
2024-12-18 06:53:16,"Leg Day",47m,"Squat (Smith Machine)",3,135.0,11.0,0,0.0,
2024-12-18 06:53:16,"Leg Day",47m,"Squat (Smith Machine)",4,135.0,10.0,0,0.0,
2024-12-18 06:53:16,"Leg Day",47m,"Standing Calf Raise (Bodyweight)",1,0,27.0,0,0.0,
2024-12-18 06:53:16,"Leg Day",47m,"Standing Calf Raise (Bodyweight)",2,0,26.0,0,0.0,
2024-12-18 06:53:16,"Leg Day",47m,"Standing Calf Raise (Bodyweight)",3,0,26.0,0,0.0,
2024-12-18 06:53:16,"Leg Day",47m,"Standing Calf Raise (Bodyweight)",4,0,22.0,0,0.0,
2024-12-18 06:53:16,"Leg Day",47m,"Lying Leg Curl (Machine)",1,120.0,17.0,0,0.0,
2024-12-18 06:53:16,"Leg Day",47m,"Lying Leg Curl (Machine)",2,120.0,12.0,0,0.0,
2024-12-18 06:53:16,"Leg Day",47m,"Lying Leg Curl (Machine)",3,110.0,13.0,0,0.0,
2024-12-18 06:53:16,"Leg Day",47m,"Leg Extension (Machine)",1,180.0,12.0,0,0.0,
2024-12-18 06:53:16,"Leg Day",47m,"Leg Extension (Machine)",2,180.0,11.0,0,0.0,
2024-12-18 06:53:16,"Leg Day",47m,"Leg Extension (Machine)",3,170.0,12.0,0,0.0,
2024-12-18 06:53:16,"Leg Day",47m,"Hip Abductor (Machine)",1,180.0,10.0,0,0.0,
2024-12-18 06:53:16,"Leg Day",47m,"Hip Abductor (Machine)",2,160.0,12.0,0,0.0,
2024-12-18 06:53:16,"Leg Day",47m,"Hip Abductor (Machine)",3,140.0,11.0,0,0.0,
2024-12-18 06:53:16,"Leg Day",47m,"Hip Adductor (Machine)",1,140.0,12.0,0,0.0,
2024-12-18 06:53:16,"Leg Day",47m,"Hip Adductor (Machine)",2,140.0,11.0,0,0.0,
2024-12-18 06:53:16,"Leg Day",47m,"Hip Adductor (Machine)",3,140.0,9.0,0,0.0,
2024-12-18 06:53:16,"Leg Day",47m,"Squat (Dumbbell)",1,0.0,0.0,0,0.0,
2024-12-18 06:53:16,"Leg Day",47m,"Squat (Dumbbell)",2,0.0,0.0,0,0.0,
2024-12-18 06:53:16,"Leg Day",47m,"Squat (Dumbbell)",3,0.0,0.0,0,0.0,
2024-12-18 06:53:16,"Leg Day",47m,"Romanian Deadlift (Dumbbell)",1,0.0,0.0,0,0.0,
2024-12-18 06:53:16,"Leg Day",47m,"Romanian Deadlift (Dumbbell)",2,0.0,0.0,0,0.0,
2024-12-18 06:53:16,"Leg Day",47m,"Romanian Deadlift (Dumbbell)",3,0.0,0.0,0,0.0,
2024-12-20 08:38:05,"Push Day 2.0",41m,"Bench Press (Barbell)",1,0.0,0.0,0,0.0,
2024-12-20 08:38:05,"Push Day 2.0",41m,"Bench Press (Barbell)",2,0.0,0.0,0,0.0,
2024-12-20 08:38:05,"Push Day 2.0",41m,"Bench Press (Barbell)",3,0.0,0.0,0,0.0,
2024-12-20 08:38:05,"Push Day 2.0",41m,"Bench Press (Barbell)",4,0.0,0.0,0,0.0,
2024-12-20 08:38:05,"Push Day 2.0",41m,"Incline Bench Press (Dumbbell)",1,55.0,10.0,0,0.0,
2024-12-20 08:38:05,"Push Day 2.0",41m,"Incline Bench Press (Dumbbell)",2,70.0,10.0,0,0.0,
2024-12-20 08:38:05,"Push Day 2.0",41m,"Incline Bench Press (Dumbbell)",3,70.0,8.0,0,0.0,
2024-12-20 08:38:05,"Push Day 2.0",41m,"Incline Bench Press (Dumbbell)",4,70.0,8.0,0,0.0,
2024-12-20 08:38:05,"Push Day 2.0",41m,"Lateral Raise (Dumbbell)",1,20.0,10.0,0,0.0,
2024-12-20 08:38:05,"Push Day 2.0",41m,"Lateral Raise (Dumbbell)",2,20.0,10.0,0,0.0,
2024-12-20 08:38:05,"Push Day 2.0",41m,"Lateral Raise (Dumbbell)",3,20.0,9.0,0,0.0,
2024-12-20 08:38:05,"Push Day 2.0",41m,"Cable Crossover",1,16.0,12.0,0,0.0,
2024-12-20 08:38:05,"Push Day 2.0",41m,"Cable Crossover",2,16.0,10.0,0,0.0,
2024-12-20 08:38:05,"Push Day 2.0",41m,"Cable Crossover",3,16.0,10.0,0,0.0,
2024-12-20 08:38:05,"Push Day 2.0",41m,"Triceps Extension (Cable)",1,50.0,13.0,0,0.0,
2024-12-20 08:38:05,"Push Day 2.0",41m,"Triceps Extension (Cable)",2,50.0,11.0,0,0.0,
2024-12-20 08:38:05,"Push Day 2.0",41m,"Triceps Extension (Cable)",3,50.0,8.0,0,0.0,
2024-12-20 08:38:05,"Push Day 2.0",41m,"Lateral Raise (Cable)",1,10.0,11.0,0,0.0,
2024-12-20 08:38:05,"Push Day 2.0",41m,"Lateral Raise (Cable)",2,10.0,11.0,0,0.0,
2024-12-20 08:38:05,"Push Day 2.0",41m,"Lateral Raise (Cable)",3,10.0,11.0,0,0.0,
2024-12-20 08:38:05,"Push Day 2.0",41m,"Triceps Pushdown (Cable - Straight Bar)",1,0.0,0.0,0,0.0,
2024-12-20 08:38:05,"Push Day 2.0",41m,"Triceps Pushdown (Cable - Straight Bar)",2,0.0,0.0,0,0.0,
2024-12-20 08:38:05,"Push Day 2.0",41m,"Triceps Pushdown (Cable - Straight Bar)",3,0.0,0.0,0,0.0,
2024-12-20 08:38:05,"Push Day 2.0",41m,"Chest Press (Machine)",1,90.0,10.0,0,0.0,
2024-12-20 08:38:05,"Push Day 2.0",41m,"Chest Press (Machine)",2,90.0,10.0,0,0.0,
2024-12-20 08:38:05,"Push Day 2.0",41m,"Chest Press (Machine)",3,90.0,10.0,0,0.0,
2024-12-20 08:38:05,"Push Day 2.0",41m,"Triceps Extension",1,0.0,0.0,0,0.0,
2024-12-20 08:38:05,"Push Day 2.0",41m,"Triceps Extension",2,0.0,0.0,0,0.0,
2024-12-20 08:38:05,"Push Day 2.0",41m,"Triceps Extension",3,0.0,0.0,0,0.0,
2024-12-23 10:07:58,"Back Bi Day",1h 2m,"Pull Up (Assisted)",1,60.0,10.0,0,0.0,
2024-12-23 10:07:58,"Back Bi Day",1h 2m,"Pull Up (Assisted)",2,60.0,9.0,0,0.0,
2024-12-23 10:07:58,"Back Bi Day",1h 2m,"Pull Up (Assisted)",3,60.0,7.0,0,0.0,
2024-12-23 10:07:58,"Back Bi Day",1h 2m,"Pull Up (Assisted)",4,80.0,8.0,0,0.0,
2024-12-23 10:07:58,"Back Bi Day",1h 2m,"Bent Over One Arm Row (Dumbbell)",1,0.0,0.0,0,0.0,
2024-12-23 10:07:58,"Back Bi Day",1h 2m,"Bent Over One Arm Row (Dumbbell)",2,0.0,0.0,0,0.0,
2024-12-23 10:07:58,"Back Bi Day",1h 2m,"Bent Over One Arm Row (Dumbbell)",3,0.0,0.0,0,0.0,
2024-12-23 10:07:58,"Back Bi Day",1h 2m,"Seated Row (Cable)",1,143.0,11.0,0,0.0,
2024-12-23 10:07:58,"Back Bi Day",1h 2m,"Seated Row (Cable)",2,121.0,10.0,0,0.0,
2024-12-23 10:07:58,"Back Bi Day",1h 2m,"Seated Row (Cable)",3,110.0,10.0,0,0.0,
2024-12-23 10:07:58,"Back Bi Day",1h 2m,"Bicep Curl (Machine)",1,60.0,10.0,0,0.0,
2024-12-23 10:07:58,"Back Bi Day",1h 2m,"Bicep Curl (Machine)",2,60.0,8.0,0,0.0,
2024-12-23 10:07:58,"Back Bi Day",1h 2m,"Bicep Curl (Machine)",3,60.0,8.0,0,0.0,
2024-12-23 10:07:58,"Back Bi Day",1h 2m,"Lat Pulldown (Cable)",1,143.0,8.0,0,0.0,
2024-12-23 10:07:58,"Back Bi Day",1h 2m,"Lat Pulldown (Cable)",2,121.0,10.0,0,0.0,
2024-12-23 10:07:58,"Back Bi Day",1h 2m,"Lat Pulldown (Cable)",3,121.0,10.0,0,0.0,
2024-12-23 10:07:58,"Back Bi Day",1h 2m,"Iso-Lateral Row (Machine)",1,0.0,0.0,0,0.0,
2024-12-23 10:07:58,"Back Bi Day",1h 2m,"Iso-Lateral Row (Machine)",2,0.0,0.0,0,0.0,
2024-12-23 10:07:58,"Back Bi Day",1h 2m,"Iso-Lateral Row (Machine)",3,0.0,0.0,0,0.0,
2024-12-23 10:07:58,"Back Bi Day",1h 2m,"Bicep Curl (Cable)",1,20.0,8.0,0,0.0,
2024-12-23 10:07:58,"Back Bi Day",1h 2m,"Bicep Curl (Cable)",2,17.0,10.0,0,0.0,
2024-12-23 10:07:58,"Back Bi Day",1h 2m,"Bicep Curl (Cable)",3,17.0,10.0,0,0.0,
2024-12-23 10:07:58,"Back Bi Day",1h 2m,"Incline Curl (Dumbbell)",1,15.0,11.0,0,0.0,
2024-12-23 10:07:58,"Back Bi Day",1h 2m,"Incline Curl (Dumbbell)",2,15.0,12.0,0,0.0,
2024-12-23 10:07:58,"Back Bi Day",1h 2m,"Incline Curl (Dumbbell)",3,15.0,10.0,0,0.0,
2024-12-23 10:07:58,"Back Bi Day",1h 2m,"Straight Arm Pushdown",1,50.0,11.0,0,0.0,
2024-12-23 10:07:58,"Back Bi Day",1h 2m,"Straight Arm Pushdown",2,50.0,10.0,0,0.0,
2024-12-23 10:07:58,"Back Bi Day",1h 2m,"Straight Arm Pushdown",3,50.0,7.0,0,0.0,
2024-12-23 10:07:58,"Back Bi Day",1h 2m,"Lateral Raise (Cable)",1,13.0,7.0,0,0.0,
2024-12-23 10:07:58,"Back Bi Day",1h 2m,"Lateral Raise (Cable)",2,10.0,9.0,0,0.0,
2024-12-23 10:07:58,"Back Bi Day",1h 2m,"Lateral Raise (Cable)",3,10.0,7.0,0,0.0,
2024-12-23 10:07:58,"Back Bi Day",1h 2m,"Lateral Raise (Dumbbell)",1,15.0,10.0,0,0.0,
2024-12-23 10:07:58,"Back Bi Day",1h 2m,"Lateral Raise (Dumbbell)",2,15.0,8.0,0,0.0,
2024-12-23 10:07:58,"Back Bi Day",1h 2m,"Lateral Raise (Dumbbell)",3,15.0,9.0,0,0.0,
2024-12-24 09:53:06,"Push Day 2.0",1h 4m,"Bench Press (Barbell)",1,135.0,10.0,0,0.0,
2024-12-24 09:53:06,"Push Day 2.0",1h 4m,"Bench Press (Barbell)",2,155.0,8.0,0,0.0,
2024-12-24 09:53:06,"Push Day 2.0",1h 4m,"Bench Press (Barbell)",3,185.0,5.0,0,0.0,
2024-12-24 09:53:06,"Push Day 2.0",1h 4m,"Bench Press (Barbell)",4,225.0,5.0,0,0.0,
2024-12-24 09:53:06,"Push Day 2.0",1h 4m,"Bench Press (Barbell)",5,205.0,6.0,0,0.0,
2024-12-24 09:53:06,"Push Day 2.0",1h 4m,"Incline Bench Press (Dumbbell)",1,60.0,12.0,0,0.0,
2024-12-24 09:53:06,"Push Day 2.0",1h 4m,"Incline Bench Press (Dumbbell)",2,60.0,10.0,0,0.0,
2024-12-24 09:53:06,"Push Day 2.0",1h 4m,"Incline Bench Press (Dumbbell)",3,60.0,9.0,0,0.0,
2024-12-24 09:53:06,"Push Day 2.0",1h 4m,"Lateral Raise (Dumbbell)",1,20.0,12.0,0,0.0,
2024-12-24 09:53:06,"Push Day 2.0",1h 4m,"Lateral Raise (Dumbbell)",2,20.0,8.0,0,0.0,
2024-12-24 09:53:06,"Push Day 2.0",1h 4m,"Lateral Raise (Dumbbell)",3,20.0,7.0,0,0.0,
2024-12-24 09:53:06,"Push Day 2.0",1h 4m,"Cable Crossover",1,20.0,12.0,0,0.0,
2024-12-24 09:53:06,"Push Day 2.0",1h 4m,"Cable Crossover",2,20.0,11.0,0,0.0,
2024-12-24 09:53:06,"Push Day 2.0",1h 4m,"Cable Crossover",3,20.0,10.0,0,0.0,
2024-12-24 09:53:06,"Push Day 2.0",1h 4m,"Triceps Extension (Cable)",1,53.0,12.0,0,0.0,
2024-12-24 09:53:06,"Push Day 2.0",1h 4m,"Triceps Extension (Cable)",2,53.0,9.0,0,0.0,
2024-12-24 09:53:06,"Push Day 2.0",1h 4m,"Triceps Extension (Cable)",3,50.0,9.0,0,0.0,
2024-12-24 09:53:06,"Push Day 2.0",1h 4m,"Lateral Raise (Cable)",1,17.0,12.0,0,0.0,
2024-12-24 09:53:06,"Push Day 2.0",1h 4m,"Lateral Raise (Cable)",2,17.0,9.0,0,0.0,
2024-12-24 09:53:06,"Push Day 2.0",1h 4m,"Lateral Raise (Cable)",3,13.0,11.0,0,0.0,
2024-12-24 09:53:06,"Push Day 2.0",1h 4m,"Triceps Extension",1,160.0,8.0,0,0.0,
2024-12-24 09:53:06,"Push Day 2.0",1h 4m,"Triceps Extension",2,140.0,12.0,0,0.0,
2024-12-24 09:53:06,"Push Day 2.0",1h 4m,"Triceps Extension",3,140.0,9.0,0,0.0,
2026-01-03 09:13:13,"Upper One",1h 10m,"Bench Press (Barbell)",1,205.0,9.0,0,0.0,
2026-01-03 09:13:13,"Upper One",1h 10m,"Bench Press (Barbell)",2,205.0,7.0,0,0.0,
2026-01-03 09:13:13,"Upper One",1h 10m,"Bench Press (Barbell)",3,205.0,6.0,0,0.0,
2026-01-03 09:13:13,"Upper One",1h 10m,"Shoulder Press (Machine)",1,45.0,16.0,0,0.0,
2026-01-03 09:13:13,"Upper One",1h 10m,"Shoulder Press (Machine)",2,70.0,10.0,0,0.0,
2026-01-03 09:13:13,"Upper One",1h 10m,"Shoulder Press (Machine)",3,70.0,8.0,0,0.0,
2026-01-03 09:13:13,"Upper One",1h 10m,"Seated Row (Cable)",1,143.0,14.0,0,0.0,
2026-01-03 09:13:13,"Upper One",1h 10m,"Seated Row (Cable)",2,165.0,10.0,0,0.0,
2026-01-03 09:13:13,"Upper One",1h 10m,"Seated Row (Cable)",3,165.0,9.0,0,0.0,
2026-01-03 09:13:13,"Upper One",1h 10m,"Pull Up (Assisted)",1,60.0,12.0,0,0.0,
2026-01-03 09:13:13,"Upper One",1h 10m,"Pull Up (Assisted)",2,60.0,10.0,0,0.0,
2026-01-03 09:13:13,"Upper One",1h 10m,"Pull Up (Assisted)",3,60.0,9.0,0,0.0,
2026-01-03 09:13:13,"Upper One",1h 10m,"Triceps Dip",1,0,8.0,0,0.0,
2026-01-03 09:13:13,"Upper One",1h 10m,"Triceps Dip",2,0,5.0,0,0.0,
2026-01-03 09:13:13,"Upper One",1h 10m,"Triceps Dip",3,0,5.0,0,0.0,
2026-01-03 09:13:13,"Upper One",1h 10m,"Lateral Raise (Cable)",1,17.0,10.0,0,0.0,
2026-01-03 09:13:13,"Upper One",1h 10m,"Lateral Raise (Cable)",2,13.0,10.0,0,0.0,
2026-01-03 09:13:13,"Upper One",1h 10m,"Lateral Raise (Cable)",3,13.0,9.0,0,0.0,
2026-01-03 09:13:13,"Upper One",1h 10m,"Bicep Curl (Cable)",1,35.0,10.0,0,0.0,
2026-01-03 09:13:13,"Upper One",1h 10m,"Bicep Curl (Cable)",2,35.0,10.0,0,0.0,
2026-01-03 09:13:13,"Upper One",1h 10m,"Bicep Curl (Cable)",3,35.0,9.0,0,0.0,
2026-01-04 10:23:45,"Lower",35m,"Seated Leg Curl (Machine)",1,165.0,11.0,0,0.0,
2026-01-04 10:23:45,"Lower",35m,"Seated Leg Curl (Machine)",2,177.0,11.0,0,0.0,
2026-01-04 10:23:45,"Lower",35m,"Seated Leg Curl (Machine)",3,177.0,8.0,0,0.0,
2026-01-04 10:23:45,"Lower",35m,"Leg Extension (Machine)",1,260.0,11.0,0,0.0,
2026-01-04 10:23:45,"Lower",35m,"Leg Extension (Machine)",2,260.0,11.0,0,0.0,
2026-01-04 10:23:45,"Lower",35m,"Leg Extension (Machine)",3,260.0,9.0,0,0.0,
2026-01-04 10:23:45,"Lower",35m,"Standing Calf Raise (Smith Machine)",1,185.0,17.0,0,0.0,
2026-01-04 10:23:45,"Lower",35m,"Standing Calf Raise (Smith Machine)",2,185.0,18.0,0,0.0,
2026-01-04 10:23:45,"Lower",35m,"Standing Calf Raise (Smith Machine)",3,185.0,18.0,0,0.0,
2026-01-05 07:42:16,"Upper Two",48m,"Lat Pulldown (Cable)",1,165.0,11.0,0,0.0,
2026-01-05 07:42:16,"Upper Two",48m,"Lat Pulldown (Cable)",2,165.0,9.0,0,0.0,
2026-01-05 07:42:16,"Upper Two",48m,"Lat Pulldown (Cable)",3,148.0,11.0,0,0.0,
2026-01-05 07:42:16,"Upper Two",48m,"Incline Curl (Dumbbell)",1,20.0,12.0,0,0.0,
2026-01-05 07:42:16,"Upper Two",48m,"Incline Curl (Dumbbell)",2,20.0,12.0,0,0.0,
2026-01-05 07:42:16,"Upper Two",48m,"Incline Curl (Dumbbell)",3,20.0,11.0,0,0.0,
2026-01-05 07:42:16,"Upper Two",48m,"Lateral Raise (Dumbbell)",1,20.0,12.0,0,0.0,
2026-01-05 07:42:16,"Upper Two",48m,"Lateral Raise (Dumbbell)",2,20.0,10.0,0,0.0,
2026-01-05 07:42:16,"Upper Two",48m,"Lateral Raise (Dumbbell)",3,20.0,9.0,0,0.0,
2026-01-05 07:42:16,"Upper Two",48m,"Incline Bench Press (Dumbbell)",1,75.0,12.0,0,0.0,
2026-01-05 07:42:16,"Upper Two",48m,"Incline Bench Press (Dumbbell)",2,75.0,10.0,0,0.0,
2026-01-05 07:42:16,"Upper Two",48m,"Incline Bench Press (Dumbbell)",3,75.0,9.0,0,0.0,
2026-01-05 07:42:16,"Upper Two",48m,"Bicep Curl (Machine)",1,80.0,11.0,0,0.0,
2026-01-05 07:42:16,"Upper Two",48m,"Bicep Curl (Machine)",2,80.0,8.0,0,0.0,
2026-01-05 07:42:16,"Upper Two",48m,"Bicep Curl (Machine)",3,70.0,9.0,0,0.0,
2026-01-05 07:42:16,"Upper Two",48m,"Triceps Extension (Cable)",1,53.0,11.0,0,0.0,
2026-01-05 07:42:16,"Upper Two",48m,"Triceps Extension (Cable)",2,53.0,10.0,0,0.0,
2026-01-05 07:42:16,"Upper Two",48m,"Triceps Extension (Cable)",3,50.0,11.0,0,0.0,
2026-01-05 07:42:16,"Upper Two",48m,"Triceps Pushdown (Cable - Straight Bar)",1,60.0,10.0,0,0.0,
2026-01-05 07:42:16,"Upper Two",48m,"Triceps Pushdown (Cable - Straight Bar)",2,57.0,10.0,0,0.0,
2026-01-05 07:42:16,"Upper Two",48m,"Triceps Pushdown (Cable - Straight Bar)",3,53.0,10.0,0,0.0,
2026-01-06 07:43:05,"Lower",36m,"Leg Press",1,320.0,12.0,0,0.0,
2026-01-06 07:43:05,"Lower",36m,"Leg Press",2,320.0,10.0,0,0.0,
2026-01-06 07:43:05,"Lower",36m,"Leg Press",3,320.0,9.0,0,0.0,
2026-01-06 07:43:05,"Lower",36m,"Seated Leg Curl (Machine)",1,170.0,12.0,0,0.0,
2026-01-06 07:43:05,"Lower",36m,"Seated Leg Curl (Machine)",2,170.0,11.0,0,0.0,
2026-01-06 07:43:05,"Lower",36m,"Seated Leg Curl (Machine)",3,170.0,9.0,0,0.0,
2026-01-06 07:43:05,"Lower",36m,"Leg Extension (Machine)",1,240.0,12.0,0,0.0,
2026-01-06 07:43:05,"Lower",36m,"Leg Extension (Machine)",2,240.0,11.0,0,0.0,
2026-01-06 07:43:05,"Lower",36m,"Leg Extension (Machine)",3,240.0,10.0,0,0.0,
2026-01-06 07:43:05,"Lower",36m,"Standing Calf Raise (Bodyweight)",1,0,33.0,0,0.0,
2026-01-06 07:43:05,"Lower",36m,"Standing Calf Raise (Bodyweight)",2,0,31.0,0,0.0,
2026-01-06 07:43:05,"Lower",36m,"Standing Calf Raise (Bodyweight)",3,0,25.0,0,0.0,
2026-01-08 07:10:30,"Upper One",49m,"Bench Press (Barbell)",1,215.0,8.0,0,0.0,
2026-01-08 07:10:30,"Upper One",49m,"Bench Press (Barbell)",2,205.0,6.0,0,0.0,
2026-01-08 07:10:30,"Upper One",49m,"Bench Press (Barbell)",3,185.0,6.0,0,0.0,
2026-01-08 07:10:30,"Upper One",49m,"Shoulder Press (Machine)",1,70.0,10.0,0,0.0,
2026-01-08 07:10:30,"Upper One",49m,"Shoulder Press (Machine)",2,70.0,9.0,0,0.0,
2026-01-08 07:10:30,"Upper One",49m,"Shoulder Press (Machine)",3,70.0,8.0,0,0.0,
2026-01-08 07:10:30,"Upper One",49m,"Seated Row (Cable)",1,165.0,13.0,0,0.0,
2026-01-08 07:10:30,"Upper One",49m,"Seated Row (Cable)",2,165.0,10.0,0,0.0,
2026-01-08 07:10:30,"Upper One",49m,"Seated Row (Cable)",3,165.0,9.0,0,0.0,
2026-01-08 07:10:30,"Upper One",49m,"Pull Up (Assisted)",1,60.0,13.0,0,0.0,
2026-01-08 07:10:30,"Upper One",49m,"Pull Up (Assisted)",2,60.0,10.0,0,0.0,
2026-01-08 07:10:30,"Upper One",49m,"Pull Up (Assisted)",3,60.0,9.0,0,0.0,
2026-01-08 07:10:30,"Upper One",49m,"Triceps Dip",1,0,8.0,0,0.0,
2026-01-08 07:10:30,"Upper One",49m,"Triceps Dip",2,0,5.0,0,0.0,
2026-01-08 07:10:30,"Upper One",49m,"Triceps Dip",3,0,5.0,0,0.0,
2026-01-08 07:10:30,"Upper One",49m,"Lateral Raise (Cable)",1,17.0,10.0,0,0.0,
2026-01-08 07:10:30,"Upper One",49m,"Lateral Raise (Cable)",2,13.0,10.0,0,0.0,
2026-01-08 07:10:30,"Upper One",49m,"Lateral Raise (Cable)",3,13.0,9.0,0,0.0,
2026-01-08 07:10:30,"Upper One",49m,"Bicep Curl (Cable)",1,35.0,11.0,0,0.0,
2026-01-08 07:10:30,"Upper One",49m,"Bicep Curl (Cable)",2,35.0,10.0,0,0.0,
2026-01-08 07:10:30,"Upper One",49m,"Bicep Curl (Cable)",3,35.0,8.0,0,0.0,
2026-01-10 11:29:36,"Lower",36m,"Leg Press",1,340.0,12.0,0,0.0,
2026-01-10 11:29:36,"Lower",36m,"Leg Press",2,340.0,9.0,0,0.0,
2026-01-10 11:29:36,"Lower",36m,"Leg Press",3,340.0,8.0,0,0.0,
2026-01-10 11:29:36,"Lower",36m,"Seated Leg Curl (Machine)",1,170.0,12.0,0,0.0,
2026-01-10 11:29:36,"Lower",36m,"Seated Leg Curl (Machine)",2,170.0,11.0,0,0.0,
2026-01-10 11:29:36,"Lower",36m,"Seated Leg Curl (Machine)",3,170.0,9.0,0,0.0,
2026-01-10 11:29:36,"Lower",36m,"Leg Extension (Machine)",1,250.0,11.0,0,0.0,
2026-01-10 11:29:36,"Lower",36m,"Leg Extension (Machine)",2,250.0,10.0,0,0.0,
2026-01-10 11:29:36,"Lower",36m,"Leg Extension (Machine)",3,250.0,9.0,0,0.0,
2026-01-10 11:29:36,"Lower",36m,"Standing Calf Raise (Bodyweight)",1,0,35.0,0,0.0,
2026-01-10 11:29:36,"Lower",36m,"Standing Calf Raise (Bodyweight)",2,0,32.0,0,0.0,
2026-01-10 11:29:36,"Lower",36m,"Standing Calf Raise (Bodyweight)",3,0,28.0,0,0.0,
2026-01-10 11:29:36,"Lower",36m,"Lying Leg Curl (Machine)",1,140.0,12.0,0,0.0,
2026-01-10 11:29:36,"Lower",36m,"Lying Leg Curl (Machine)",2,140.0,12.0,0,0.0,
2026-01-10 11:29:36,"Lower",36m,"Lying Leg Curl (Machine)",3,140.0,10.0,0,0.0,
2026-01-11 09:14:06,"Upper Two",58m,"Lat Pulldown (Cable)",1,165.0,11.0,0,0.0,
2026-01-11 09:14:06,"Upper Two",58m,"Lat Pulldown (Cable)",2,148.0,10.0,0,0.0,
2026-01-11 09:14:06,"Upper Two",58m,"Lat Pulldown (Cable)",3,148.0,9.0,0,0.0,
2026-01-11 09:14:06,"Upper Two",58m,"Incline Curl (Dumbbell)",1,25.0,12.0,0,0.0,
2026-01-11 09:14:06,"Upper Two",58m,"Incline Curl (Dumbbell)",2,25.0,11.0,0,0.0,
2026-01-11 09:14:06,"Upper Two",58m,"Incline Curl (Dumbbell)",3,25.0,10.0,0,0.0,
2026-01-11 09:14:06,"Upper Two",58m,"Lateral Raise (Dumbbell)",1,25.0,12.0,0,0.0,
2026-01-11 09:14:06,"Upper Two",58m,"Lateral Raise (Dumbbell)",2,25.0,10.0,0,0.0,
2026-01-11 09:14:06,"Upper Two",58m,"Lateral Raise (Dumbbell)",3,25.0,10.0,0,0.0,
2026-01-11 09:14:06,"Upper Two",58m,"Incline Bench Press (Dumbbell)",1,75.0,12.0,0,0.0,
2026-01-11 09:14:06,"Upper Two",58m,"Incline Bench Press (Dumbbell)",2,75.0,8.0,0,0.0,
2026-01-11 09:14:06,"Upper Two",58m,"Incline Bench Press (Dumbbell)",3,75.0,8.0,0,0.0,
2026-01-11 09:14:06,"Upper Two",58m,"Bicep Curl (Machine)",1,70.0,12.0,0,0.0,
2026-01-11 09:14:06,"Upper Two",58m,"Bicep Curl (Machine)",2,70.0,8.0,0,0.0,
2026-01-11 09:14:06,"Upper Two",58m,"Bicep Curl (Machine)",3,60.0,10.0,0,0.0,
2026-01-11 09:14:06,"Upper Two",58m,"Triceps Extension (Cable)",1,53.0,10.0,0,0.0,
2026-01-11 09:14:06,"Upper Two",58m,"Triceps Extension (Cable)",2,50.0,10.0,0,0.0,
2026-01-11 09:14:06,"Upper Two",58m,"Triceps Extension (Cable)",3,47.0,10.0,0,0.0,
2026-01-11 09:14:06,"Upper Two",58m,"Triceps Pushdown (Cable - Straight Bar)",1,47.0,14.0,0,0.0,
2026-01-11 09:14:06,"Upper Two",58m,"Triceps Pushdown (Cable - Straight Bar)",2,47.0,12.0,0,0.0,
2026-01-11 09:14:06,"Upper Two",58m,"Triceps Pushdown (Cable - Straight Bar)",3,47.0,11.0,0,0.0,
2026-01-13 07:53:18,"Lower",35m,"Leg Press",1,340.0,12.0,0,0.0,
2026-01-13 07:53:18,"Lower",35m,"Leg Press",2,340.0,9.0,0,0.0,
2026-01-13 07:53:18,"Lower",35m,"Leg Press",3,340.0,8.0,0,0.0,
2026-01-13 07:53:18,"Lower",35m,"Seated Leg Curl (Machine)",1,180.0,12.0,0,0.0,
2026-01-13 07:53:18,"Lower",35m,"Seated Leg Curl (Machine)",2,180.0,10.0,0,0.0,
2026-01-13 07:53:18,"Lower",35m,"Seated Leg Curl (Machine)",3,180.0,9.0,0,0.0,
2026-01-13 07:53:18,"Lower",35m,"Leg Extension (Machine)",1,250.0,11.0,0,0.0,
2026-01-13 07:53:18,"Lower",35m,"Leg Extension (Machine)",2,250.0,10.0,0,0.0,
2026-01-13 07:53:18,"Lower",35m,"Leg Extension (Machine)",3,250.0,9.0,0,0.0,
2026-01-13 07:53:18,"Lower",35m,"Standing Calf Raise (Bodyweight)",1,0,35.0,0,0.0,
2026-01-13 07:53:18,"Lower",35m,"Standing Calf Raise (Bodyweight)",2,0,32.0,0,0.0,
2026-01-13 07:53:18,"Lower",35m,"Standing Calf Raise (Bodyweight)",3,0,28.0,0,0.0,
2026-01-13 07:53:18,"Lower",35m,"Leg Extension (Machine)",1,255.0,11.0,0,0.0,
2026-01-13 07:53:18,"Lower",35m,"Leg Extension (Machine)",2,255.0,10.0,0,0.0,
2026-01-13 07:53:18,"Lower",35m,"Leg Extension (Machine)",3,255.0,10.0,0,0.0,
2026-01-13 07:53:18,"Lower",35m,"Standing Calf Raise (Smith Machine)",1,185.0,20.0,0,0.0,
2026-01-13 07:53:18,"Lower",35m,"Standing Calf Raise (Smith Machine)",2,185.0,16.0,0,0.0,
2026-01-13 07:53:18,"Lower",35m,"Standing Calf Raise (Smith Machine)",3,185.0,16.0,0,0.0,
2026-01-13 07:53:18,"Lower",35m,"Squat (Smith Machine)",1,185.0,10.0,0,0.0,
2026-01-13 07:53:18,"Lower",35m,"Squat (Smith Machine)",2,185.0,8.0,0,0.0,
2026-01-13 07:53:18,"Lower",35m,"Squat (Smith Machine)",3,0.0,0.0,0,0.0,
2026-01-15 07:39:34,"Upper One",48m,"Bench Press (Barbell)",1,215.0,8.0,0,0.0,
2026-01-15 07:39:34,"Upper One",48m,"Bench Press (Barbell)",2,210.0,6.0,0,0.0,
2026-01-15 07:39:34,"Upper One",48m,"Bench Press (Barbell)",3,205.0,4.0,0,0.0,
2026-01-15 07:39:34,"Upper One",48m,"Shoulder Press (Machine)",1,80.0,10.0,0,0.0,
2026-01-15 07:39:34,"Upper One",48m,"Shoulder Press (Machine)",2,80.0,7.0,0,0.0,
2026-01-15 07:39:34,"Upper One",48m,"Shoulder Press (Machine)",3,70.0,7.0,0,0.0,
2026-01-15 07:39:34,"Upper One",48m,"Seated Row (Cable)",1,165.0,10.0,0,0.0,
2026-01-15 07:39:34,"Upper One",48m,"Seated Row (Cable)",2,143.0,12.0,0,0.0,
2026-01-15 07:39:34,"Upper One",48m,"Seated Row (Cable)",3,143.0,10.0,0,0.0,
2026-01-15 07:39:34,"Upper One",48m,"Pull Up (Assisted)",1,60.0,13.0,0,0.0,
2026-01-15 07:39:34,"Upper One",48m,"Pull Up (Assisted)",2,60.0,10.0,0,0.0,
2026-01-15 07:39:34,"Upper One",48m,"Pull Up (Assisted)",3,60.0,8.0,0,0.0,
2026-01-15 07:39:34,"Upper One",48m,"Triceps Dip",1,0,8.0,0,0.0,
2026-01-15 07:39:34,"Upper One",48m,"Triceps Dip",2,0,6.0,0,0.0,
2026-01-15 07:39:34,"Upper One",48m,"Triceps Dip",3,0,5.0,0,0.0,
2026-01-15 07:39:34,"Upper One",48m,"Lateral Raise (Cable)",1,17.0,10.0,0,0.0,
2026-01-15 07:39:34,"Upper One",48m,"Lateral Raise (Cable)",2,17.0,9.0,0,0.0,
2026-01-15 07:39:34,"Upper One",48m,"Lateral Raise (Cable)",3,17.0,7.0,0,0.0,
2026-01-15 07:39:34,"Upper One",48m,"Bicep Curl (Cable)",1,35.0,12.0,0,0.0,
2026-01-15 07:39:34,"Upper One",48m,"Bicep Curl (Cable)",2,35.0,11.0,0,0.0,
2026-01-15 07:39:34,"Upper One",48m,"Bicep Curl (Cable)",3,35.0,10.0,0,0.0,
2026-01-20 07:33:51,"Lower",35m,"Leg Press",1,0.0,0.0,0,0.0,
2026-01-20 07:33:51,"Lower",35m,"Leg Press",2,0.0,0.0,0,0.0,
2026-01-20 07:33:51,"Lower",35m,"Leg Press",3,0.0,0.0,0,0.0,
2026-01-20 07:33:51,"Lower",35m,"Seated Leg Curl (Machine)",1,185.0,11.0,0,0.0,
2026-01-20 07:33:51,"Lower",35m,"Seated Leg Curl (Machine)",2,185.0,9.0,0,0.0,
2026-01-20 07:33:51,"Lower",35m,"Seated Leg Curl (Machine)",3,180.0,9.0,0,0.0,
2026-01-20 07:33:51,"Lower",35m,"Leg Extension (Machine)",1,250.0,11.0,0,0.0,
2026-01-20 07:33:51,"Lower",35m,"Leg Extension (Machine)",2,250.0,9.0,0,0.0,
2026-01-20 07:33:51,"Lower",35m,"Leg Extension (Machine)",3,245.0,9.0,0,0.0,
2026-01-20 07:33:51,"Lower",35m,"RFE Squat",1,0.0,0.0,0,0.0,
2026-01-20 07:33:51,"Lower",35m,"RFE Squat",2,0.0,0.0,0,0.0,
2026-01-20 07:33:51,"Lower",35m,"RFE Squat",3,0.0,0.0,0,0.0,
2026-01-20 07:33:51,"Lower",35m,"Standing Calf Raise (Bodyweight)",1,0,36.0,0,0.0,
2026-01-20 07:33:51,"Lower",35m,"Standing Calf Raise (Bodyweight)",2,0,33.0,0,0.0,
2026-01-20 07:33:51,"Lower",35m,"Standing Calf Raise (Bodyweight)",3,0,20.0,0,0.0,
2026-01-20 07:33:51,"Lower",35m,"Squat (Barbell)",1,225.0,7.0,0,0.0,
2026-01-20 07:33:51,"Lower",35m,"Squat (Barbell)",2,205.0,8.0,0,0.0,
2026-01-20 07:33:51,"Lower",35m,"Squat (Barbell)",3,0.0,0.0,0,0.0,
2026-01-20 07:33:51,"Lower",35m,"Cable Crunch",1,82.5,13.0,0,0.0,
2026-01-20 07:33:51,"Lower",35m,"Cable Crunch",2,88.0,10.0,0,0.0,
2026-01-22 07:31:59,"Upper Two",47m,"Lat Pulldown (Cable)",1,165.0,12.0,0,0.0,
2026-01-22 07:31:59,"Upper Two",47m,"Lat Pulldown (Cable)",2,158.0,8.0,0,0.0,
2026-01-22 07:31:59,"Upper Two",47m,"Lat Pulldown (Cable)",3,148.0,9.0,0,0.0,
2026-01-22 07:31:59,"Upper Two",47m,"Incline Curl (Dumbbell)",1,30.0,8.0,0,0.0,
2026-01-22 07:31:59,"Upper Two",47m,"Incline Curl (Dumbbell)",2,25.0,11.0,0,0.0,
2026-01-22 07:31:59,"Upper Two",47m,"Incline Curl (Dumbbell)",3,25.0,10.0,0,0.0,
2026-01-22 07:31:59,"Upper Two",47m,"Lateral Raise (Dumbbell)",1,20.0,10.0,0,0.0,
2026-01-22 07:31:59,"Upper Two",47m,"Lateral Raise (Dumbbell)",2,20.0,10.0,0,0.0,
2026-01-22 07:31:59,"Upper Two",47m,"Lateral Raise (Dumbbell)",3,25.0,10.0,0,0.0,
2026-01-22 07:31:59,"Upper Two",47m,"Incline Bench Press (Dumbbell)",1,75.0,11.0,0,0.0,
2026-01-22 07:31:59,"Upper Two",47m,"Incline Bench Press (Dumbbell)",2,75.0,9.0,0,0.0,
2026-01-22 07:31:59,"Upper Two",47m,"Incline Bench Press (Dumbbell)",3,75.0,8.0,0,0.0,
2026-01-22 07:31:59,"Upper Two",47m,"Triceps Extension (Cable)",1,55.0,11.0,0,0.0,
2026-01-22 07:31:59,"Upper Two",47m,"Triceps Extension (Cable)",2,55.0,9.0,0,0.0,
2026-01-22 07:31:59,"Upper Two",47m,"Triceps Extension (Cable)",3,49.5,10.0,0,0.0,
2026-01-22 07:31:59,"Upper Two",47m,"Bicep Curl (Machine)",1,70.0,10.0,0,0.0,
2026-01-22 07:31:59,"Upper Two",47m,"Bicep Curl (Machine)",2,65.0,8.0,0,0.0,
2026-01-22 07:31:59,"Upper Two",47m,"Bicep Curl (Machine)",3,60.0,9.0,0,0.0,
2026-01-22 07:31:59,"Upper Two",47m,"Triceps Pushdown (Cable - Straight Bar)",1,49.5,14.0,0,0.0,
2026-01-22 07:31:59,"Upper Two",47m,"Triceps Pushdown (Cable - Straight Bar)",2,55.0,10.0,0,0.0,
2026-01-22 07:31:59,"Upper Two",47m,"Triceps Pushdown (Cable - Straight Bar)",3,55.0,9.0,0,0.0,
2026-01-24 10:39:57,"Upper One",1h 1m,"Bench Press (Barbell)",1,205.0,9.0,0,0.0,
2026-01-24 10:39:57,"Upper One",1h 1m,"Bench Press (Barbell)",2,205.0,6.0,0,0.0,
2026-01-24 10:39:57,"Upper One",1h 1m,"Bench Press (Barbell)",3,185.0,7.0,0,0.0,
2026-01-24 10:39:57,"Upper One",1h 1m,"Shoulder Press (Machine)",1,70.0,9.0,0,0.0,
2026-01-24 10:39:57,"Upper One",1h 1m,"Shoulder Press (Machine)",2,70.0,8.0,0,0.0,
2026-01-24 10:39:57,"Upper One",1h 1m,"Shoulder Press (Machine)",3,70.0,7.0,0,0.0,
2026-01-24 10:39:57,"Upper One",1h 1m,"Seated Row (Cable)",1,165.0,10.0,0,0.0,
2026-01-24 10:39:57,"Upper One",1h 1m,"Seated Row (Cable)",2,148.0,10.0,0,0.0,
2026-01-24 10:39:57,"Upper One",1h 1m,"Seated Row (Cable)",3,148.0,9.0,0,0.0,
2026-01-24 10:39:57,"Upper One",1h 1m,"Pull Up (Assisted)",1,40.0,9.0,0,0.0,
2026-01-24 10:39:57,"Upper One",1h 1m,"Pull Up (Assisted)",2,60.0,8.0,0,0.0,
2026-01-24 10:39:57,"Upper One",1h 1m,"Pull Up (Assisted)",3,60.0,7.0,0,0.0,
2026-01-24 10:39:57,"Upper One",1h 1m,"Triceps Dip (Assisted)",1,20.0,8.0,0,0.0,
2026-01-24 10:39:57,"Upper One",1h 1m,"Triceps Dip (Assisted)",2,20.0,6.0,0,0.0,
2026-01-24 10:39:57,"Upper One",1h 1m,"Triceps Dip (Assisted)",3,40.0,8.0,0,0.0,
2026-01-24 10:39:57,"Upper One",1h 1m,"Lateral Raise (Cable)",1,15.0,12.0,0,0.0,
2026-01-24 10:39:57,"Upper One",1h 1m,"Lateral Raise (Cable)",2,15.0,10.0,0,0.0,
2026-01-24 10:39:57,"Upper One",1h 1m,"Lateral Raise (Cable)",3,15.0,9.0,0,0.0,
2026-01-24 10:39:57,"Upper One",1h 1m,"Bicep Curl (Cable)",1,40.0,12.0,0,0.0,
2026-01-24 10:39:57,"Upper One",1h 1m,"Bicep Curl (Cable)",2,40.0,11.0,0,0.0,
2026-01-24 10:39:57,"Upper One",1h 1m,"Bicep Curl (Cable)",3,40.0,10.0,0,0.0,
2026-01-24 11:41:36,"Lower",13m,"Leg Press",1,0.0,0.0,0,0.0,
2026-01-24 11:41:36,"Lower",13m,"Leg Press",2,0.0,0.0,0,0.0,
2026-01-24 11:41:36,"Lower",13m,"Leg Press",3,0.0,0.0,0,0.0,
2026-01-24 11:41:36,"Lower",13m,"Seated Leg Curl (Machine)",1,185.0,11.0,0,0.0,
2026-01-24 11:41:36,"Lower",13m,"Seated Leg Curl (Machine)",2,185.0,9.0,0,0.0,
2026-01-24 11:41:36,"Lower",13m,"Seated Leg Curl (Machine)",3,180.0,9.0,0,0.0,
2026-01-24 11:41:36,"Lower",13m,"Leg Extension (Machine)",1,255.0,11.0,0,0.0,
2026-01-24 11:41:36,"Lower",13m,"Leg Extension (Machine)",2,255.0,10.0,0,0.0,
2026-01-24 11:41:36,"Lower",13m,"Leg Extension (Machine)",3,250.0,11.0,0,0.0,
2026-01-24 11:41:36,"Lower",13m,"Romanian Deadlift (Dumbbell)",1,70.0,8.0,0,0.0,
2026-01-24 11:41:36,"Lower",13m,"Romanian Deadlift (Dumbbell)",2,70.0,7.0,0,0.0,
2026-01-24 11:41:36,"Lower",13m,"Romanian Deadlift (Dumbbell)",3,70.0,7.0,0,0.0,
2026-01-24 11:41:36,"Lower",13m,"Standing Calf Raise (Bodyweight)",1,0,36.0,0,0.0,
2026-01-24 11:41:36,"Lower",13m,"Standing Calf Raise (Bodyweight)",2,0,33.0,0,0.0,
2026-01-24 11:41:36,"Lower",13m,"Standing Calf Raise (Bodyweight)",3,0,20.0,0,0.0,
2026-01-24 11:41:36,"Lower",13m,"Squat (Barbell)",1,0.0,0.0,0,0.0,
2026-01-24 11:41:36,"Lower",13m,"Squat (Barbell)",2,0.0,0.0,0,0.0,
2026-01-24 11:41:36,"Lower",13m,"Squat (Barbell)",3,0.0,0.0,0,0.0,
2026-01-24 11:41:36,"Lower",13m,"Cable Crunch",1,0.0,0.0,0,0.0,
2026-01-24 11:41:36,"Lower",13m,"Cable Crunch",2,0.0,0.0,0,0.0,
2026-01-26 08:40:35,"Lower",39m,"Leg Press",1,0.0,0.0,0,0.0,
2026-01-26 08:40:35,"Lower",39m,"Leg Press",2,0.0,0.0,0,0.0,
2026-01-26 08:40:35,"Lower",39m,"Leg Press",3,0.0,0.0,0,0.0,
2026-01-26 08:40:35,"Lower",39m,"Seated Leg Curl (Machine)",1,185.0,12.0,0,0.0,
2026-01-26 08:40:35,"Lower",39m,"Seated Leg Curl (Machine)",2,185.0,10.0,0,0.0,
2026-01-26 08:40:35,"Lower",39m,"Seated Leg Curl (Machine)",3,180.0,9.0,0,0.0,
2026-01-26 08:40:35,"Lower",39m,"Leg Extension (Machine)",1,260.0,11.0,0,0.0,
2026-01-26 08:40:35,"Lower",39m,"Leg Extension (Machine)",2,260.0,9.0,0,0.0,
2026-01-26 08:40:35,"Lower",39m,"Leg Extension (Machine)",3,250.0,10.0,0,0.0,
2026-01-26 08:40:35,"Lower",39m,"Romanian Deadlift (Dumbbell)",1,70.0,8.0,0,0.0,
2026-01-26 08:40:35,"Lower",39m,"Romanian Deadlift (Dumbbell)",2,70.0,7.0,0,0.0,
2026-01-26 08:40:35,"Lower",39m,"Romanian Deadlift (Dumbbell)",3,70.0,7.0,0,0.0,
2026-01-26 08:40:35,"Lower",39m,"Standing Calf Raise (Bodyweight)",1,0,37.0,0,0.0,
2026-01-26 08:40:35,"Lower",39m,"Standing Calf Raise (Bodyweight)",2,0,34.0,0,0.0,
2026-01-26 08:40:35,"Lower",39m,"Standing Calf Raise (Bodyweight)",3,0,27.0,0,0.0,
2026-01-26 08:40:35,"Lower",39m,"Squat (Barbell)",1,225.0,7.0,0,0.0,
2026-01-26 08:40:35,"Lower",39m,"Squat (Barbell)",2,225.0,6.0,0,0.0,
2026-01-26 08:40:35,"Lower",39m,"Squat (Barbell)",3,225.0,4.0,0,0.0,
2026-01-26 08:40:35,"Lower",39m,"Cable Crunch",1,88.0,11.0,0,0.0,
2026-01-26 08:40:35,"Lower",39m,"Cable Crunch",2,88.0,10.0,0,0.0,
2026-01-26 08:40:35,"Lower",39m,"Cable Crunch",3,88.0,8.0,0,0.0,
2026-01-27 07:34:44,"Upper Two",48m,"Lat Pulldown (Cable)",1,165.0,10.0,0,0.0,
2026-01-27 07:34:44,"Upper Two",48m,"Lat Pulldown (Cable)",2,153.0,10.0,0,0.0,
2026-01-27 07:34:44,"Upper Two",48m,"Lat Pulldown (Cable)",3,148.0,9.0,0,0.0,
2026-01-27 07:34:44,"Upper Two",48m,"Incline Curl (Dumbbell)",1,25.0,10.0,0,0.0,
2026-01-27 07:34:44,"Upper Two",48m,"Incline Curl (Dumbbell)",2,25.0,11.0,0,0.0,
2026-01-27 07:34:44,"Upper Two",48m,"Incline Curl (Dumbbell)",3,25.0,10.0,0,0.0,
2026-01-27 07:34:44,"Upper Two",48m,"Lateral Raise (Dumbbell)",1,15.0,15.0,0,0.0,
2026-01-27 07:34:44,"Upper Two",48m,"Lateral Raise (Dumbbell)",2,15.0,13.0,0,0.0,
2026-01-27 07:34:44,"Upper Two",48m,"Lateral Raise (Dumbbell)",3,15.0,12.0,0,0.0,
2026-01-27 07:34:44,"Upper Two",48m,"Incline Bench Press (Dumbbell)",1,75.0,12.0,0,0.0,
2026-01-27 07:34:44,"Upper Two",48m,"Incline Bench Press (Dumbbell)",2,75.0,8.0,0,0.0,
2026-01-27 07:34:44,"Upper Two",48m,"Incline Bench Press (Dumbbell)",3,75.0,7.0,0,0.0,
2026-01-27 07:34:44,"Upper Two",48m,"Seated Row (Machine)",1,70.0,13.0,0,0.0,
2026-01-27 07:34:44,"Upper Two",48m,"Seated Row (Machine)",2,70.0,11.0,0,0.0,
2026-01-27 07:34:44,"Upper Two",48m,"Seated Row (Machine)",3,70.0,10.0,0,0.0,
2026-01-27 07:34:44,"Upper Two",48m,"Triceps Extension (Cable)",1,55.0,11.0,0,0.0,
2026-01-27 07:34:44,"Upper Two",48m,"Triceps Extension (Cable)",2,55.0,10.0,0,0.0,
2026-01-27 07:34:44,"Upper Two",48m,"Triceps Extension (Cable)",3,55.0,9.0,0,0.0,
2026-01-27 07:34:44,"Upper Two",48m,"Bicep Curl (Machine)",1,70.0,10.0,0,0.0,
2026-01-27 07:34:44,"Upper Two",48m,"Bicep Curl (Machine)",2,65.0,10.0,0,0.0,
2026-01-27 07:34:44,"Upper Two",48m,"Bicep Curl (Machine)",3,65.0,8.0,0,0.0,
2026-01-27 07:34:44,"Upper Two",48m,"Triceps Pushdown (Cable - Straight Bar)",1,55.0,12.0,0,0.0,
2026-01-27 07:34:44,"Upper Two",48m,"Triceps Pushdown (Cable - Straight Bar)",2,55.0,11.0,0,0.0,
2026-01-27 07:34:44,"Upper Two",48m,"Triceps Pushdown (Cable - Straight Bar)",3,55.0,9.0,0,0.0,
2026-01-29 07:38:18,"Lower",34m,"RFE Squat",1,50.0,10.0,0,0.0,
2026-01-29 07:38:18,"Lower",34m,"RFE Squat",2,50.0,12.0,0,0.0,
2026-01-29 07:38:18,"Lower",34m,"RFE Squat",3,50.0,11.0,0,0.0,
2026-01-29 07:38:18,"Lower",34m,"Seated Leg Curl (Machine)",1,188.0,12.0,0,0.0,
2026-01-29 07:38:18,"Lower",34m,"Seated Leg Curl (Machine)",2,188.0,9.0,0,0.0,
2026-01-29 07:38:18,"Lower",34m,"Seated Leg Curl (Machine)",3,182.0,10.0,0,0.0,
2026-01-29 07:38:18,"Lower",34m,"Leg Extension (Machine)",1,260.0,11.0,0,0.0,
2026-01-29 07:38:18,"Lower",34m,"Leg Extension (Machine)",2,260.0,9.0,0,0.0,
2026-01-29 07:38:18,"Lower",34m,"Leg Extension (Machine)",3,255.0,11.0,0,0.0,
2026-01-29 07:38:18,"Lower",34m,"Standing Calf Raise (Bodyweight)",1,0,0.0,0,0.0,
2026-01-29 07:38:18,"Lower",34m,"Standing Calf Raise (Bodyweight)",2,0,0.0,0,0.0,
2026-01-29 07:38:18,"Lower",34m,"Standing Calf Raise (Bodyweight)",3,0,0.0,0,0.0,
2026-01-29 07:38:18,"Lower",34m,"Squat (Barbell)",1,0.0,0.0,0,0.0,
2026-01-29 07:38:18,"Lower",34m,"Squat (Barbell)",2,0.0,0.0,0,0.0,
2026-01-29 07:38:18,"Lower",34m,"Squat (Barbell)",3,0.0,0.0,0,0.0,
2026-01-29 07:38:18,"Lower",34m,"Cable Crunch",1,0.0,0.0,0,0.0,
2026-01-29 07:38:18,"Lower",34m,"Cable Crunch",2,0.0,0.0,0,0.0,
2026-02-02 07:36:48,"Upper One",58m,"Bench Press (Barbell)",1,205.0,9.0,0,0.0,
2026-02-02 07:36:48,"Upper One",58m,"Bench Press (Barbell)",2,205.0,5.0,0,0.0,
2026-02-02 07:36:48,"Upper One",58m,"Bench Press (Barbell)",3,185.0,8.0,0,0.0,
2026-02-02 07:36:48,"Upper One",58m,"Shoulder Press (Machine)",1,70.0,10.0,0,0.0,
2026-02-02 07:36:48,"Upper One",58m,"Shoulder Press (Machine)",2,70.0,8.0,0,0.0,
2026-02-02 07:36:48,"Upper One",58m,"Shoulder Press (Machine)",3,70.0,7.0,0,0.0,
2026-02-02 07:36:48,"Upper One",58m,"Seated Row (Cable)",1,165.0,11.0,0,0.0,
2026-02-02 07:36:48,"Upper One",58m,"Seated Row (Cable)",2,165.0,8.0,0,0.0,
2026-02-02 07:36:48,"Upper One",58m,"Seated Row (Cable)",3,148.0,8.0,0,0.0,
2026-02-02 07:36:48,"Upper One",58m,"Pull Up (Assisted)",1,40.0,8.0,0,0.0,
2026-02-02 07:36:48,"Upper One",58m,"Pull Up (Assisted)",2,60.0,9.0,0,0.0,
2026-02-02 07:36:48,"Upper One",58m,"Pull Up (Assisted)",3,60.0,8.0,0,0.0,
2026-02-02 07:36:48,"Upper One",58m,"Triceps Dip (Assisted)",1,40.0,10.0,0,0.0,
2026-02-02 07:36:48,"Upper One",58m,"Triceps Dip (Assisted)",2,20.0,7.0,0,0.0,
2026-02-02 07:36:48,"Upper One",58m,"Triceps Dip (Assisted)",3,20.0,7.0,0,0.0,
2026-02-02 07:36:48,"Upper One",58m,"Lateral Raise (Cable)",1,17.0,8.0,0,0.0,
2026-02-02 07:36:48,"Upper One",58m,"Lateral Raise (Cable)",2,13.0,10.0,0,0.0,
2026-02-02 07:36:48,"Upper One",58m,"Lateral Raise (Cable)",3,13.0,8.0,0,0.0,
2026-02-02 07:36:48,"Upper One",58m,"Bicep Curl (Cable)",1,40.0,10.0,0,0.0,
2026-02-02 07:36:48,"Upper One",58m,"Bicep Curl (Cable)",2,40.0,8.0,0,0.0,
2026-02-02 07:36:48,"Upper One",58m,"Bicep Curl (Cable)",3,40.0,7.0,0,0.0,
2026-02-03 07:52:36,"Lower",47h 39m,"RFE Squat",1,0.0,0.0,0,0.0,
2026-02-03 07:52:36,"Lower",47h 39m,"RFE Squat",2,0.0,0.0,0,0.0,
2026-02-03 07:52:36,"Lower",47h 39m,"RFE Squat",3,0.0,0.0,0,0.0,
2026-02-03 07:52:36,"Lower",47h 39m,"Seated Leg Curl (Machine)",1,188.0,12.0,0,0.0,
2026-02-03 07:52:36,"Lower",47h 39m,"Seated Leg Curl (Machine)",2,188.0,10.0,0,0.0,
2026-02-03 07:52:36,"Lower",47h 39m,"Seated Leg Curl (Machine)",3,188.0,8.0,0,0.0,
2026-02-03 07:52:36,"Lower",47h 39m,"Leg Extension (Machine)",1,260.0,11.0,0,0.0,
2026-02-03 07:52:36,"Lower",47h 39m,"Leg Extension (Machine)",2,260.0,10.0,0,0.0,
2026-02-03 07:52:36,"Lower",47h 39m,"Leg Extension (Machine)",3,260.0,8.0,0,0.0,
2026-02-03 07:52:36,"Lower",47h 39m,"Standing Calf Raise (Bodyweight)",1,0,0.0,0,0.0,
2026-02-03 07:52:36,"Lower",47h 39m,"Standing Calf Raise (Bodyweight)",2,0,0.0,0,0.0,
2026-02-03 07:52:36,"Lower",47h 39m,"Standing Calf Raise (Bodyweight)",3,0,0.0,0,0.0,
2026-02-03 07:52:36,"Lower",47h 39m,"Squat (Barbell)",1,225.0,8.0,0,0.0,
2026-02-03 07:52:36,"Lower",47h 39m,"Squat (Barbell)",2,225.0,6.0,0,0.0,
2026-02-03 07:52:36,"Lower",47h 39m,"Squat (Barbell)",3,205.0,8.0,0,0.0,
2026-02-03 07:52:36,"Lower",47h 39m,"Cable Crunch",1,0.0,0.0,0,0.0,
2026-02-03 07:52:36,"Lower",47h 39m,"Cable Crunch",2,0.0,0.0,0,0.0,
2026-02-05 07:31:54,"Upper Two",54m,"Lat Pulldown (Cable)",1,165.0,10.0,0,0.0,
2026-02-05 07:31:54,"Upper Two",54m,"Lat Pulldown (Cable)",2,153.0,8.0,0,0.0,
2026-02-05 07:31:54,"Upper Two",54m,"Lat Pulldown (Cable)",3,143.0,9.0,0,0.0,
2026-02-05 07:31:54,"Upper Two",54m,"Incline Bench Press (Dumbbell)",1,75.0,11.0,0,0.0,
2026-02-05 07:31:54,"Upper Two",54m,"Incline Bench Press (Dumbbell)",2,75.0,9.0,0,0.0,
2026-02-05 07:31:54,"Upper Two",54m,"Incline Bench Press (Dumbbell)",3,75.0,6.0,0,0.0,
2026-02-05 07:31:54,"Upper Two",54m,"Incline Curl (Dumbbell)",1,25.0,11.0,0,0.0,
2026-02-05 07:31:54,"Upper Two",54m,"Incline Curl (Dumbbell)",2,25.0,10.0,0,0.0,
2026-02-05 07:31:54,"Upper Two",54m,"Incline Curl (Dumbbell)",3,25.0,10.0,0,0.0,
2026-02-05 07:31:54,"Upper Two",54m,"Lateral Raise (Dumbbell)",1,15.0,15.0,0,0.0,
2026-02-05 07:31:54,"Upper Two",54m,"Lateral Raise (Dumbbell)",2,15.0,13.0,0,0.0,
2026-02-05 07:31:54,"Upper Two",54m,"Lateral Raise (Dumbbell)",3,15.0,12.0,0,0.0,
2026-02-05 07:31:54,"Upper Two",54m,"Seated Row (Machine)",1,55.0,13.0,0,0.0,
2026-02-05 07:31:54,"Upper Two",54m,"Seated Row (Machine)",2,55.0,9.0,0,0.0,
2026-02-05 07:31:54,"Upper Two",54m,"Seated Row (Machine)",3,55.0,8.0,0,0.0,
2026-02-05 07:31:54,"Upper Two",54m,"Triceps Extension (Cable)",1,55.0,12.0,0,0.0,
2026-02-05 07:31:54,"Upper Two",54m,"Triceps Extension (Cable)",2,55.0,10.0,0,0.0,
2026-02-05 07:31:54,"Upper Two",54m,"Triceps Extension (Cable)",3,55.0,9.0,0,0.0,
2026-02-05 07:31:54,"Upper Two",54m,"Bicep Curl (Machine)",1,70.0,11.0,0,0.0,
2026-02-05 07:31:54,"Upper Two",54m,"Bicep Curl (Machine)",2,70.0,9.0,0,0.0,
2026-02-05 07:31:54,"Upper Two",54m,"Bicep Curl (Machine)",3,70.0,8.0,0,0.0,
2026-02-05 07:31:54,"Upper Two",54m,"Triceps Pushdown (Cable - Straight Bar)",1,55.0,12.0,0,0.0,
2026-02-05 07:31:54,"Upper Two",54m,"Triceps Pushdown (Cable - Straight Bar)",2,55.0,9.0,0,0.0,
2026-02-05 07:31:54,"Upper Two",54m,"Triceps Pushdown (Cable - Straight Bar)",3,55.0,8.0,0,0.0,
2026-02-07 10:43:52,"Lower",35m,"RFE Squat",1,50.0,12.0,0,0.0,
2026-02-07 10:43:52,"Lower",35m,"RFE Squat",2,50.0,12.0,0,0.0,
2026-02-07 10:43:52,"Lower",35m,"RFE Squat",3,50.0,10.0,0,0.0,
2026-02-07 10:43:52,"Lower",35m,"Seated Leg Curl (Machine)",1,188.0,12.0,0,0.0,
2026-02-07 10:43:52,"Lower",35m,"Seated Leg Curl (Machine)",2,188.0,10.0,0,0.0,
2026-02-07 10:43:52,"Lower",35m,"Seated Leg Curl (Machine)",3,188.0,9.0,0,0.0,
2026-02-07 10:43:52,"Lower",35m,"Leg Extension (Machine)",1,260.0,11.0,0,0.0,
2026-02-07 10:43:52,"Lower",35m,"Leg Extension (Machine)",2,260.0,9.0,0,0.0,
2026-02-07 10:43:52,"Lower",35m,"Leg Extension (Machine)",3,260.0,9.0,0,0.0,
2026-02-07 10:43:52,"Lower",35m,"Standing Calf Raise (Bodyweight)",1,0,38.0,0,0.0,
2026-02-07 10:43:52,"Lower",35m,"Standing Calf Raise (Bodyweight)",2,0,30.0,0,0.0,
2026-02-07 10:43:52,"Lower",35m,"Standing Calf Raise (Bodyweight)",3,0,26.0,0,0.0,
2026-02-07 10:43:52,"Lower",35m,"Squat (Barbell)",1,225.0,8.0,0,0.0,
2026-02-07 10:43:52,"Lower",35m,"Squat (Barbell)",2,225.0,6.0,0,0.0,
2026-02-07 10:43:52,"Lower",35m,"Squat (Barbell)",3,205.0,8.0,0,0.0,
2026-02-07 10:43:52,"Lower",35m,"Cable Crunch",1,0.0,0.0,0,0.0,
2026-02-07 10:43:52,"Lower",35m,"Cable Crunch",2,0.0,0.0,0,0.0,
2026-02-08 09:04:52,"Upper One",1h 7m,"Bench Press (Barbell)",1,205.0,10.0,0,0.0,
2026-02-08 09:04:52,"Upper One",1h 7m,"Bench Press (Barbell)",2,205.0,6.0,0,0.0,
2026-02-08 09:04:52,"Upper One",1h 7m,"Bench Press (Barbell)",3,185.0,7.0,0,0.0,
2026-02-08 09:04:52,"Upper One",1h 7m,"Shoulder Press (Machine)",1,70.0,11.0,0,0.0,
2026-02-08 09:04:52,"Upper One",1h 7m,"Shoulder Press (Machine)",2,70.0,9.0,0,0.0,
2026-02-08 09:04:52,"Upper One",1h 7m,"Shoulder Press (Machine)",3,70.0,7.0,0,0.0,
2026-02-08 09:04:52,"Upper One",1h 7m,"Seated Row (Cable)",1,165.0,11.0,0,0.0,
2026-02-08 09:04:52,"Upper One",1h 7m,"Seated Row (Cable)",2,165.0,9.0,0,0.0,
2026-02-08 09:04:52,"Upper One",1h 7m,"Seated Row (Cable)",3,165.0,8.0,0,0.0,
2026-02-08 09:04:52,"Upper One",1h 7m,"Pull Up (Assisted)",1,40.0,10.0,0,0.0,
2026-02-08 09:04:52,"Upper One",1h 7m,"Pull Up (Assisted)",2,60.0,9.0,0,0.0,
2026-02-08 09:04:52,"Upper One",1h 7m,"Pull Up (Assisted)",3,60.0,7.0,0,0.0,
2026-02-08 09:04:52,"Upper One",1h 7m,"Triceps Dip (Assisted)",1,40.0,10.0,0,0.0,
2026-02-08 09:04:52,"Upper One",1h 7m,"Triceps Dip (Assisted)",2,40.0,9.0,0,0.0,
2026-02-08 09:04:52,"Upper One",1h 7m,"Triceps Dip (Assisted)",3,40.0,8.0,0,0.0,
2026-02-08 09:04:52,"Upper One",1h 7m,"Lateral Raise (Cable)",1,13.0,11.0,0,0.0,
2026-02-08 09:04:52,"Upper One",1h 7m,"Lateral Raise (Cable)",2,13.0,9.0,0,0.0,
2026-02-08 09:04:52,"Upper One",1h 7m,"Lateral Raise (Cable)",3,13.0,7.0,0,0.0,
2026-02-08 09:04:52,"Upper One",1h 7m,"Bicep Curl (Cable)",1,40.0,10.0,0,0.0,
2026-02-08 09:04:52,"Upper One",1h 7m,"Bicep Curl (Cable)",2,40.0,9.0,0,0.0,
2026-02-08 09:04:52,"Upper One",1h 7m,"Bicep Curl (Cable)",3,35.0,10.0,0,0.0,
2026-02-09 07:40:05,"Lower",37m,"RFE Squat",1,50.0,12.0,0,0.0,
2026-02-09 07:40:05,"Lower",37m,"RFE Squat",2,50.0,12.0,0,0.0,
2026-02-09 07:40:05,"Lower",37m,"RFE Squat",3,50.0,10.0,0,0.0,
2026-02-09 07:40:05,"Lower",37m,"Seated Leg Curl (Machine)",1,193.0,10.0,0,0.0,
2026-02-09 07:40:05,"Lower",37m,"Seated Leg Curl (Machine)",2,193.0,8.0,0,0.0,
2026-02-09 07:40:05,"Lower",37m,"Seated Leg Curl (Machine)",3,188.0,9.0,0,0.0,
2026-02-09 07:40:05,"Lower",37m,"Leg Extension (Machine)",1,260.0,11.0,0,0.0,
2026-02-09 07:40:05,"Lower",37m,"Leg Extension (Machine)",2,260.0,9.0,0,0.0,
2026-02-09 07:40:05,"Lower",37m,"Leg Extension (Machine)",3,260.0,9.0,0,0.0,
2026-02-09 07:40:05,"Lower",37m,"Standing Calf Raise (Bodyweight)",1,0,38.0,0,0.0,
2026-02-09 07:40:05,"Lower",37m,"Standing Calf Raise (Bodyweight)",2,0,30.0,0,0.0,
2026-02-09 07:40:05,"Lower",37m,"Standing Calf Raise (Bodyweight)",3,0,26.0,0,0.0,
2026-02-09 07:40:05,"Lower",37m,"Squat (Barbell)",1,0.0,0.0,0,0.0,
2026-02-09 07:40:05,"Lower",37m,"Squat (Barbell)",2,0.0,0.0,0,0.0,
2026-02-09 07:40:05,"Lower",37m,"Squat (Barbell)",3,0.0,0.0,0,0.0,
2026-02-09 07:40:05,"Lower",37m,"Cable Crunch",1,0.0,0.0,0,0.0,
2026-02-09 07:40:05,"Lower",37m,"Cable Crunch",2,0.0,0.0,0,0.0,
2026-02-10 07:35:44,"Upper Two",42m,"Lat Pulldown (Cable)",1,165.0,10.0,0,0.0,
2026-02-10 07:35:44,"Upper Two",42m,"Lat Pulldown (Cable)",2,165.0,8.0,0,0.0,
2026-02-10 07:35:44,"Upper Two",42m,"Lat Pulldown (Cable)",3,148.0,7.0,0,0.0,
2026-02-10 07:35:44,"Upper Two",42m,"Incline Bench Press (Dumbbell)",1,75.0,12.0,0,0.0,
2026-02-10 07:35:44,"Upper Two",42m,"Incline Bench Press (Dumbbell)",2,75.0,8.0,0,0.0,
2026-02-10 07:35:44,"Upper Two",42m,"Incline Bench Press (Dumbbell)",3,75.0,6.0,0,0.0,
2026-02-10 07:35:44,"Upper Two",42m,"Incline Curl (Dumbbell)",1,25.0,11.0,0,0.0,
2026-02-10 07:35:44,"Upper Two",42m,"Incline Curl (Dumbbell)",2,25.0,10.0,0,0.0,
2026-02-10 07:35:44,"Upper Two",42m,"Incline Curl (Dumbbell)",3,25.0,8.0,0,0.0,
2026-02-10 07:35:44,"Upper Two",42m,"Lateral Raise (Dumbbell)",1,20.0,12.0,0,0.0,
2026-02-10 07:35:44,"Upper Two",42m,"Lateral Raise (Dumbbell)",2,20.0,10.0,0,0.0,
2026-02-10 07:35:44,"Upper Two",42m,"Lateral Raise (Dumbbell)",3,20.0,10.0,0,0.0,
2026-02-10 07:35:44,"Upper Two",42m,"Seated Row (Machine)",1,55.0,14.0,0,0.0,
2026-02-10 07:35:44,"Upper Two",42m,"Seated Row (Machine)",2,55.0,10.0,0,0.0,
2026-02-10 07:35:44,"Upper Two",42m,"Seated Row (Machine)",3,55.0,8.0,0,0.0,
2026-02-10 07:35:44,"Upper Two",42m,"Triceps Extension (Cable)",1,55.0,13.0,0,0.0,
2026-02-10 07:35:44,"Upper Two",42m,"Triceps Extension (Cable)",2,55.0,10.0,0,0.0,
2026-02-10 07:35:44,"Upper Two",42m,"Triceps Extension (Cable)",3,55.0,8.0,0,0.0,
2026-02-10 07:35:44,"Upper Two",42m,"Bicep Curl (Machine)",1,70.0,11.0,0,0.0,
2026-02-10 07:35:44,"Upper Two",42m,"Bicep Curl (Machine)",2,70.0,9.0,0,0.0,
2026-02-10 07:35:44,"Upper Two",42m,"Bicep Curl (Machine)",3,70.0,8.0,0,0.0,
2026-02-10 07:35:44,"Upper Two",42m,"Triceps Pushdown (Cable - Straight Bar)",1,55.0,12.0,0,0.0,
2026-02-10 07:35:44,"Upper Two",42m,"Triceps Pushdown (Cable - Straight Bar)",2,55.0,9.0,0,0.0,
2026-02-10 07:35:44,"Upper Two",42m,"Triceps Pushdown (Cable - Straight Bar)",3,55.0,8.0,0,0.0,
2026-02-12 07:17:39,"Lower",57m,"RFE Squat",1,60.0,10.0,0,0.0,
2026-02-12 07:17:39,"Lower",57m,"RFE Squat",2,60.0,10.0,0,0.0,
2026-02-12 07:17:39,"Lower",57m,"RFE Squat",3,60.0,9.0,0,0.0,
2026-02-12 07:17:39,"Lower",57m,"Seated Leg Curl (Machine)",1,193.0,11.0,0,0.0,
2026-02-12 07:17:39,"Lower",57m,"Seated Leg Curl (Machine)",2,193.0,8.0,0,0.0,
2026-02-12 07:17:39,"Lower",57m,"Seated Leg Curl (Machine)",3,188.0,9.0,0,0.0,
2026-02-12 07:17:39,"Lower",57m,"Leg Extension (Machine)",1,260.0,11.0,0,0.0,
2026-02-12 07:17:39,"Lower",57m,"Leg Extension (Machine)",2,260.0,9.0,0,0.0,
2026-02-12 07:17:39,"Lower",57m,"Leg Extension (Machine)",3,260.0,9.0,0,0.0,
2026-02-12 07:17:39,"Lower",57m,"Standing Calf Raise (Bodyweight)",1,0,40.0,0,0.0,
2026-02-12 07:17:39,"Lower",57m,"Standing Calf Raise (Bodyweight)",2,0,30.0,0,0.0,
2026-02-12 07:17:39,"Lower",57m,"Standing Calf Raise (Bodyweight)",3,0,26.0,0,0.0,
2026-02-12 07:17:39,"Lower",57m,"Squat (Barbell)",1,0.0,0.0,0,0.0,
2026-02-12 07:17:39,"Lower",57m,"Squat (Barbell)",2,0.0,0.0,0,0.0,
2026-02-12 07:17:39,"Lower",57m,"Squat (Barbell)",3,0.0,0.0,0,0.0,
2026-02-12 07:17:39,"Lower",57m,"Cable Crunch",1,82.5,12.0,0,0.0,
2026-02-12 07:17:39,"Lower",57m,"Cable Crunch",2,82.5,11.0,0,0.0,
2026-02-14 11:00:32,"Upper One",59m,"Bench Press (Barbell)",1,210.0,9.0,0,0.0,
2026-02-14 11:00:32,"Upper One",59m,"Bench Press (Barbell)",2,205.0,5.0,0,0.0,
2026-02-14 11:00:32,"Upper One",59m,"Bench Press (Barbell)",3,185.0,7.0,0,0.0,
2026-02-14 11:00:32,"Upper One",59m,"Shoulder Press (Machine)",1,65.0,10.0,0,0.0,
2026-02-14 11:00:32,"Upper One",59m,"Shoulder Press (Machine)",2,65.0,8.0,0,0.0,
2026-02-14 11:00:32,"Upper One",59m,"Shoulder Press (Machine)",3,65.0,7.0,0,0.0,
2026-02-14 11:00:32,"Upper One",59m,"Seated Row (Cable)",1,170.0,10.0,0,0.0,
2026-02-14 11:00:32,"Upper One",59m,"Seated Row (Cable)",2,165.0,8.0,0,0.0,
2026-02-14 11:00:32,"Upper One",59m,"Seated Row (Cable)",3,148.0,8.0,0,0.0,
2026-02-14 11:00:32,"Upper One",59m,"Pull Up (Assisted)",1,60.0,8.0,0,0.0,
2026-02-14 11:00:32,"Upper One",59m,"Pull Up (Assisted)",2,60.0,7.0,0,0.0,
2026-02-14 11:00:32,"Upper One",59m,"Pull Up (Assisted)",3,60.0,7.0,0,0.0,
2026-02-14 11:00:32,"Upper One",59m,"Triceps Dip (Assisted)",1,40.0,10.0,0,0.0,
2026-02-14 11:00:32,"Upper One",59m,"Triceps Dip (Assisted)",2,40.0,8.0,0,0.0,
2026-02-14 11:00:32,"Upper One",59m,"Triceps Dip (Assisted)",3,40.0,7.0,0,0.0,
2026-02-14 11:00:32,"Upper One",59m,"Lateral Raise (Cable)",1,13.0,11.0,0,0.0,
2026-02-14 11:00:32,"Upper One",59m,"Lateral Raise (Cable)",2,13.0,9.0,0,0.0,
2026-02-14 11:00:32,"Upper One",59m,"Lateral Raise (Cable)",3,13.0,7.0,0,0.0,
2026-02-14 11:00:32,"Upper One",59m,"Bicep Curl (Cable)",1,40.0,11.0,0,0.0,
2026-02-14 11:00:32,"Upper One",59m,"Bicep Curl (Cable)",2,40.0,10.0,0,0.0,
2026-02-14 11:00:32,"Upper One",59m,"Bicep Curl (Cable)",3,40.0,8.0,0,0.0,
2026-02-15 10:12:23,"Lower",3h 6m,"RFE Squat",1,0.0,0.0,0,0.0,
2026-02-15 10:12:23,"Lower",3h 6m,"RFE Squat",2,0.0,0.0,0,0.0,
2026-02-15 10:12:23,"Lower",3h 6m,"RFE Squat",3,0.0,0.0,0,0.0,
2026-02-15 10:12:23,"Lower",3h 6m,"Seated Leg Curl (Machine)",1,193.0,12.0,0,0.0,
2026-02-15 10:12:23,"Lower",3h 6m,"Seated Leg Curl (Machine)",2,193.0,8.0,0,0.0,
2026-02-15 10:12:23,"Lower",3h 6m,"Seated Leg Curl (Machine)",3,182.0,10.0,0,0.0,
2026-02-15 10:12:23,"Lower",3h 6m,"Leg Extension (Machine)",1,265.0,11.0,0,0.0,
2026-02-15 10:12:23,"Lower",3h 6m,"Leg Extension (Machine)",2,265.0,10.0,0,0.0,
2026-02-15 10:12:23,"Lower",3h 6m,"Leg Extension (Machine)",3,265.0,9.0,0,0.0,
2026-02-15 10:12:23,"Lower",3h 6m,"Standing Calf Raise (Bodyweight)",1,0,40.0,0,0.0,
2026-02-15 10:12:23,"Lower",3h 6m,"Standing Calf Raise (Bodyweight)",2,0,32.0,0,0.0,
2026-02-15 10:12:23,"Lower",3h 6m,"Standing Calf Raise (Bodyweight)",3,0,26.0,0,0.0,
2026-02-15 10:12:23,"Lower",3h 6m,"Squat (Barbell)",1,225.0,8.0,0,0.0,
2026-02-15 10:12:23,"Lower",3h 6m,"Squat (Barbell)",2,225.0,6.0,0,0.0,
2026-02-15 10:12:23,"Lower",3h 6m,"Squat (Barbell)",3,205.0,8.0,0,0.0,
2026-02-15 10:12:23,"Lower",3h 6m,"Cable Crunch",1,82.5,12.0,0,0.0,
2026-02-15 10:12:23,"Lower",3h 6m,"Cable Crunch",2,82.5,11.0,0,0.0,
2026-02-16 10:16:16,"Upper Two",1h,"Lat Pulldown (Cable)",1,165.0,10.0,0,0.0,
2026-02-16 10:16:16,"Upper Two",1h,"Lat Pulldown (Cable)",2,165.0,8.0,0,0.0,
2026-02-16 10:16:16,"Upper Two",1h,"Lat Pulldown (Cable)",3,153.0,8.0,0,0.0,
2026-02-16 10:16:16,"Upper Two",1h,"Incline Bench Press (Dumbbell)",1,75.0,12.0,0,0.0,
2026-02-16 10:16:16,"Upper Two",1h,"Incline Bench Press (Dumbbell)",2,75.0,9.0,0,0.0,
2026-02-16 10:16:16,"Upper Two",1h,"Incline Bench Press (Dumbbell)",3,75.0,6.0,0,0.0,
2026-02-16 10:16:16,"Upper Two",1h,"Incline Curl (Dumbbell)",1,25.0,11.0,0,0.0,
2026-02-16 10:16:16,"Upper Two",1h,"Incline Curl (Dumbbell)",2,25.0,9.0,0,0.0,
2026-02-16 10:16:16,"Upper Two",1h,"Incline Curl (Dumbbell)",3,25.0,8.0,0,0.0,
2026-02-16 10:16:16,"Upper Two",1h,"Lateral Raise (Dumbbell)",1,20.0,12.0,0,0.0,
2026-02-16 10:16:16,"Upper Two",1h,"Lateral Raise (Dumbbell)",2,20.0,10.0,0,0.0,
2026-02-16 10:16:16,"Upper Two",1h,"Lateral Raise (Dumbbell)",3,20.0,9.0,0,0.0,
2026-02-16 10:16:16,"Upper Two",1h,"Seated Row (Machine)",1,55.0,13.0,0,0.0,
2026-02-16 10:16:16,"Upper Two",1h,"Seated Row (Machine)",2,55.0,8.0,0,0.0,
2026-02-16 10:16:16,"Upper Two",1h,"Seated Row (Machine)",3,55.0,6.0,0,0.0,
2026-02-16 10:16:16,"Upper Two",1h,"Triceps Extension (Cable)",1,60.5,10.0,0,0.0,
2026-02-16 10:16:16,"Upper Two",1h,"Triceps Extension (Cable)",2,60.5,9.0,0,0.0,
2026-02-16 10:16:16,"Upper Two",1h,"Triceps Extension (Cable)",3,55.0,8.0,0,0.0,
2026-02-16 10:16:16,"Upper Two",1h,"Bicep Curl (Machine)",1,70.0,11.0,0,0.0,
2026-02-16 10:16:16,"Upper Two",1h,"Bicep Curl (Machine)",2,70.0,9.0,0,0.0,
2026-02-16 10:16:16,"Upper Two",1h,"Bicep Curl (Machine)",3,70.0,8.0,0,0.0,
2026-02-16 10:16:16,"Upper Two",1h,"Triceps Pushdown (Cable - Straight Bar)",1,55.0,10.0,0,0.0,
2026-02-16 10:16:16,"Upper Two",1h,"Triceps Pushdown (Cable - Straight Bar)",2,55.0,9.0,0,0.0,
2026-02-16 10:16:16,"Upper Two",1h,"Triceps Pushdown (Cable - Straight Bar)",3,55.0,8.0,0,0.0,
2026-02-17 08:02:45,"Lower",1h 27m,"RFE Squat",1,60.0,10.0,0,0.0,
2026-02-17 08:02:45,"Lower",1h 27m,"RFE Squat",2,60.0,8.0,0,0.0,
2026-02-17 08:02:45,"Lower",1h 27m,"RFE Squat",3,60.0,5.0,0,0.0,
2026-02-17 08:02:45,"Lower",1h 27m,"Seated Leg Curl (Machine)",1,198.0,8.0,0,0.0,
2026-02-17 08:02:45,"Lower",1h 27m,"Seated Leg Curl (Machine)",2,193.0,7.0,0,0.0,
2026-02-17 08:02:45,"Lower",1h 27m,"Seated Leg Curl (Machine)",3,182.0,8.0,0,0.0,
2026-02-17 08:02:45,"Lower",1h 27m,"Leg Extension (Machine)",1,260.0,12.0,0,0.0,
2026-02-17 08:02:45,"Lower",1h 27m,"Leg Extension (Machine)",2,260.0,10.0,0,0.0,
2026-02-17 08:02:45,"Lower",1h 27m,"Leg Extension (Machine)",3,260.0,9.0,0,0.0,
2026-02-17 08:02:45,"Lower",1h 27m,"Standing Calf Raise (Bodyweight)",1,0,40.0,0,0.0,
2026-02-17 08:02:45,"Lower",1h 27m,"Standing Calf Raise (Bodyweight)",2,0,32.0,0,0.0,
2026-02-17 08:02:45,"Lower",1h 27m,"Standing Calf Raise (Bodyweight)",3,0,26.0,0,0.0,
2026-02-17 08:02:45,"Lower",1h 27m,"Squat (Barbell)",1,225.0,8.0,0,0.0,
2026-02-17 08:02:45,"Lower",1h 27m,"Squat (Barbell)",2,225.0,6.0,0,0.0,
2026-02-17 08:02:45,"Lower",1h 27m,"Squat (Barbell)",3,205.0,8.0,0,0.0,
2026-02-17 08:02:45,"Lower",1h 27m,"Cable Crunch",1,82.5,12.0,0,0.0,
2026-02-17 08:02:45,"Lower",1h 27m,"Cable Crunch",2,82.5,11.0,0,0.0,
2026-02-27 08:46:45,"Upper One",25h 54m,"Bench Press (Barbell)",1,215.0,7.0,0,0.0,
2026-02-27 08:46:45,"Upper One",25h 54m,"Bench Press (Barbell)",2,205.0,6.0,0,0.0,
2026-02-27 08:46:45,"Upper One",25h 54m,"Bench Press (Barbell)",3,205.0,5.0,0,0.0,
2026-02-27 08:46:45,"Upper One",25h 54m,"Shoulder Press (Machine)",1,70.0,10.0,0,0.0,
2026-02-27 08:46:45,"Upper One",25h 54m,"Shoulder Press (Machine)",2,70.0,8.0,0,0.0,
2026-02-27 08:46:45,"Upper One",25h 54m,"Shoulder Press (Machine)",3,70.0,7.0,0,0.0,
2026-02-27 08:46:45,"Upper One",25h 54m,"Seated Row (Cable)",1,170.0,10.0,0,0.0,
2026-02-27 08:46:45,"Upper One",25h 54m,"Seated Row (Cable)",2,165.0,8.0,0,0.0,
2026-02-27 08:46:45,"Upper One",25h 54m,"Seated Row (Cable)",3,165.0,7.0,0,0.0,
2026-02-27 08:46:45,"Upper One",25h 54m,"Pull Up (Assisted)",1,40.0,8.0,0,0.0,
2026-02-27 08:46:45,"Upper One",25h 54m,"Pull Up (Assisted)",2,40.0,6.0,0,0.0,
2026-02-27 08:46:45,"Upper One",25h 54m,"Pull Up (Assisted)",3,60.0,7.0,0,0.0,
2026-02-27 08:46:45,"Upper One",25h 54m,"Triceps Dip (Assisted)",1,0.0,7.0,0,0.0,
2026-02-27 08:46:45,"Upper One",25h 54m,"Triceps Dip (Assisted)",2,0.0,5.0,0,0.0,
2026-02-27 08:46:45,"Upper One",25h 54m,"Triceps Dip (Assisted)",3,40.0,7.0,0,0.0,
2026-02-27 08:46:45,"Upper One",25h 54m,"Lateral Raise (Cable)",1,13.0,12.0,0,0.0,
2026-02-27 08:46:45,"Upper One",25h 54m,"Lateral Raise (Cable)",2,13.0,9.0,0,0.0,
2026-02-27 08:46:45,"Upper One",25h 54m,"Lateral Raise (Cable)",3,13.0,7.0,0,0.0,
2026-02-27 08:46:45,"Upper One",25h 54m,"Bicep Curl (Cable)",1,40.0,12.0,0,0.0,
2026-02-27 08:46:45,"Upper One",25h 54m,"Bicep Curl (Cable)",2,40.0,9.0,0,0.0,
2026-02-27 08:46:45,"Upper One",25h 54m,"Bicep Curl (Cable)",3,40.0,8.0,0,0.0,
2026-02-28 10:41:18,"Lower",40m,"Squat (Barbell)",1,225.0,6.0,0,0.0,
2026-02-28 10:41:18,"Lower",40m,"Squat (Barbell)",2,225.0,5.0,0,0.0,
2026-02-28 10:41:18,"Lower",40m,"Squat (Barbell)",3,225.0,4.0,0,0.0,
2026-02-28 10:41:18,"Lower",40m,"RFE Squat",1,0.0,0.0,0,0.0,
2026-02-28 10:41:18,"Lower",40m,"RFE Squat",2,0.0,0.0,0,0.0,
2026-02-28 10:41:18,"Lower",40m,"RFE Squat",3,0.0,0.0,0,0.0,
2026-02-28 10:41:18,"Lower",40m,"Seated Leg Curl (Machine)",1,198.0,10.0,0,0.0,
2026-02-28 10:41:18,"Lower",40m,"Seated Leg Curl (Machine)",2,193.0,8.0,0,0.0,
2026-02-28 10:41:18,"Lower",40m,"Seated Leg Curl (Machine)",3,193.0,6.0,0,0.0,
2026-02-28 10:41:18,"Lower",40m,"Leg Extension (Machine)",1,260.0,10.0,0,0.0,
2026-02-28 10:41:18,"Lower",40m,"Leg Extension (Machine)",2,260.0,9.0,0,0.0,
2026-02-28 10:41:18,"Lower",40m,"Leg Extension (Machine)",3,260.0,8.0,0,0.0,
2026-02-28 10:41:18,"Lower",40m,"Standing Calf Raise (Bodyweight)",1,0,40.0,0,0.0,
2026-02-28 10:41:18,"Lower",40m,"Standing Calf Raise (Bodyweight)",2,0,32.0,0,0.0,
2026-02-28 10:41:18,"Lower",40m,"Standing Calf Raise (Bodyweight)",3,0,26.0,0,0.0,
2026-02-28 10:41:18,"Lower",40m,"Cable Crunch",1,82.5,12.0,0,0.0,
2026-02-28 10:41:18,"Lower",40m,"Cable Crunch",2,82.5,11.0,0,0.0,
2026-03-01 08:28:28,"Upper Two",1h 3m,"Lat Pulldown (Cable)",1,165.0,11.0,0,0.0,
2026-03-01 08:28:28,"Upper Two",1h 3m,"Lat Pulldown (Cable)",2,165.0,8.0,0,0.0,
2026-03-01 08:28:28,"Upper Two",1h 3m,"Lat Pulldown (Cable)",3,153.0,8.0,0,0.0,
2026-03-01 08:28:28,"Upper Two",1h 3m,"Incline Bench Press (Dumbbell)",1,75.0,12.0,0,0.0,
2026-03-01 08:28:28,"Upper Two",1h 3m,"Incline Bench Press (Dumbbell)",2,75.0,9.0,0,0.0,
2026-03-01 08:28:28,"Upper Two",1h 3m,"Incline Bench Press (Dumbbell)",3,75.0,8.0,0,0.0,
2026-03-01 08:28:28,"Upper Two",1h 3m,"Incline Curl (Dumbbell)",1,25.0,12.0,0,0.0,
2026-03-01 08:28:28,"Upper Two",1h 3m,"Incline Curl (Dumbbell)",2,25.0,9.0,0,0.0,
2026-03-01 08:28:28,"Upper Two",1h 3m,"Incline Curl (Dumbbell)",3,25.0,9.0,0,0.0,
2026-03-01 08:28:28,"Upper Two",1h 3m,"Lateral Raise (Dumbbell)",1,20.0,11.0,0,0.0,
2026-03-01 08:28:28,"Upper Two",1h 3m,"Lateral Raise (Dumbbell)",2,20.0,10.0,0,0.0,
2026-03-01 08:28:28,"Upper Two",1h 3m,"Lateral Raise (Dumbbell)",3,20.0,8.0,0,0.0,
2026-03-01 08:28:28,"Upper Two",1h 3m,"Seated Row (Machine)",1,55.0,13.0,0,0.0,
2026-03-01 08:28:28,"Upper Two",1h 3m,"Seated Row (Machine)",2,55.0,9.0,0,0.0,
2026-03-01 08:28:28,"Upper Two",1h 3m,"Seated Row (Machine)",3,55.0,7.0,0,0.0,
2026-03-01 08:28:28,"Upper Two",1h 3m,"Triceps Extension (Cable)",1,55.0,13.0,0,0.0,
2026-03-01 08:28:28,"Upper Two",1h 3m,"Triceps Extension (Cable)",2,57.0,8.0,0,0.0,
2026-03-01 08:28:28,"Upper Two",1h 3m,"Triceps Extension (Cable)",3,57.0,8.0,0,0.0,
2026-03-01 08:28:28,"Upper Two",1h 3m,"Bicep Curl (Machine)",1,70.0,11.0,0,0.0,
2026-03-01 08:28:28,"Upper Two",1h 3m,"Bicep Curl (Machine)",2,70.0,10.0,0,0.0,
2026-03-01 08:28:28,"Upper Two",1h 3m,"Bicep Curl (Machine)",3,70.0,8.0,0,0.0,
2026-03-01 08:28:28,"Upper Two",1h 3m,"Triceps Pushdown (Cable - Straight Bar)",1,60.5,10.0,0,0.0,
2026-03-01 08:28:28,"Upper Two",1h 3m,"Triceps Pushdown (Cable - Straight Bar)",2,60.5,9.0,0,0.0,
2026-03-01 08:28:28,"Upper Two",1h 3m,"Triceps Pushdown (Cable - Straight Bar)",3,60.5,7.0,0,0.0,
2026-03-02 07:44:21,"Lower",27m,"Squat (Barbell)",1,225.0,6.0,0,0.0,
2026-03-02 07:44:21,"Lower",27m,"Squat (Barbell)",2,225.0,5.0,0,0.0,
2026-03-02 07:44:21,"Lower",27m,"Squat (Barbell)",3,225.0,4.0,0,0.0,
2026-03-02 07:44:21,"Lower",27m,"RFE Squat",1,27.5,10.0,0,0.0,
2026-03-02 07:44:21,"Lower",27m,"RFE Squat",2,27.5,10.0,0,0.0,
2026-03-02 07:44:21,"Lower",27m,"RFE Squat",3,27.5,8.0,0,0.0,
2026-03-02 07:44:21,"Lower",27m,"Seated Leg Curl (Machine)",1,198.0,10.0,0,0.0,
2026-03-02 07:44:21,"Lower",27m,"Seated Leg Curl (Machine)",2,193.0,8.0,0,0.0,
2026-03-02 07:44:21,"Lower",27m,"Seated Leg Curl (Machine)",3,193.0,6.0,0,0.0,
2026-03-02 07:44:21,"Lower",27m,"Romanian Deadlift (Dumbbell)",1,55.0,10.0,0,0.0,
2026-03-02 07:44:21,"Lower",27m,"Romanian Deadlift (Dumbbell)",2,55.0,8.0,0,0.0,
2026-03-02 07:44:21,"Lower",27m,"Romanian Deadlift (Dumbbell)",3,55.0,8.0,0,0.0,
2026-03-02 07:44:21,"Lower",27m,"Leg Extension (Machine)",1,240.0,13.0,0,0.0,
2026-03-02 07:44:21,"Lower",27m,"Leg Extension (Machine)",2,240.0,10.0,0,0.0,
2026-03-02 07:44:21,"Lower",27m,"Leg Extension (Machine)",3,260.0,10.0,0,0.0,
2026-03-02 07:44:21,"Lower",27m,"Standing Calf Raise (Bodyweight)",1,0,40.0,0,0.0,
2026-03-02 07:44:21,"Lower",27m,"Standing Calf Raise (Bodyweight)",2,0,32.0,0,0.0,
2026-03-02 07:44:21,"Lower",27m,"Standing Calf Raise (Bodyweight)",3,0,26.0,0,0.0,
2026-03-02 07:44:21,"Lower",27m,"Cable Crunch",1,82.5,12.0,0,0.0,
2026-03-02 07:44:21,"Lower",27m,"Cable Crunch",2,82.5,11.0,0,0.0,
2026-03-03 07:42:47,"Upper One",40m,"Bench Press (Barbell)",1,215.0,7.0,0,0.0,
2026-03-03 07:42:47,"Upper One",40m,"Bench Press (Barbell)",2,205.0,6.0,0,0.0,
2026-03-03 07:42:47,"Upper One",40m,"Bench Press (Barbell)",3,205.0,4.0,0,0.0,
2026-03-03 07:42:47,"Upper One",40m,"Shoulder Press (Machine)",1,70.0,10.0,0,0.0,
2026-03-03 07:42:47,"Upper One",40m,"Shoulder Press (Machine)",2,70.0,8.0,0,0.0,
2026-03-03 07:42:47,"Upper One",40m,"Shoulder Press (Machine)",3,70.0,6.0,0,0.0,
2026-03-03 07:42:47,"Upper One",40m,"Seated Row (Cable)",1,170.0,10.0,0,0.0,
2026-03-03 07:42:47,"Upper One",40m,"Seated Row (Cable)",2,170.0,8.0,0,0.0,
2026-03-03 07:42:47,"Upper One",40m,"Seated Row (Cable)",3,165.0,8.0,0,0.0,
2026-03-03 07:42:47,"Upper One",40m,"Pull Up (Assisted)",1,40.0,7.0,0,0.0,
2026-03-03 07:42:47,"Upper One",40m,"Pull Up (Assisted)",2,40.0,6.0,0,0.0,
2026-03-03 07:42:47,"Upper One",40m,"Pull Up (Assisted)",3,60.0,7.0,0,0.0,
2026-03-03 07:42:47,"Upper One",40m,"Triceps Dip (Assisted)",1,0.0,6.0,0,0.0,
2026-03-03 07:42:47,"Upper One",40m,"Triceps Dip (Assisted)",2,0.0,5.0,0,0.0,
2026-03-03 07:42:47,"Upper One",40m,"Triceps Dip (Assisted)",3,40.0,7.0,0,0.0,
2026-03-03 07:42:47,"Upper One",40m,"Lateral Raise (Cable)",1,13.0,11.0,0,0.0,
2026-03-03 07:42:47,"Upper One",40m,"Lateral Raise (Cable)",2,13.0,8.0,0,0.0,
2026-03-03 07:42:47,"Upper One",40m,"Lateral Raise (Cable)",3,13.0,7.0,0,0.0,
2026-03-03 07:42:47,"Upper One",40m,"Bicep Curl (Cable)",1,40.0,12.0,0,0.0,
2026-03-03 07:42:47,"Upper One",40m,"Bicep Curl (Cable)",2,40.0,9.0,0,0.0,
2026-03-03 07:42:47,"Upper One",40m,"Bicep Curl (Cable)",3,40.0,8.0,0,0.0,
2026-03-05 07:51:22,"Lower",25h 22m,"Squat (Barbell)",1,225.0,7.0,0,0.0,
2026-03-05 07:51:22,"Lower",25h 22m,"Squat (Barbell)",2,225.0,6.0,0,0.0,
2026-03-05 07:51:22,"Lower",25h 22m,"Squat (Barbell)",3,225.0,6.0,0,0.0,
2026-03-05 07:51:22,"Lower",25h 22m,"RFE Squat",1,0.0,0.0,0,0.0,
2026-03-05 07:51:22,"Lower",25h 22m,"RFE Squat",2,0.0,0.0,0,0.0,
2026-03-05 07:51:22,"Lower",25h 22m,"RFE Squat",3,0.0,0.0,0,0.0,
2026-03-05 07:51:22,"Lower",25h 22m,"Seated Leg Curl (Machine)",1,198.0,10.0,0,0.0,
2026-03-05 07:51:22,"Lower",25h 22m,"Seated Leg Curl (Machine)",2,198.0,7.0,0,0.0,
2026-03-05 07:51:22,"Lower",25h 22m,"Seated Leg Curl (Machine)",3,193.0,8.0,0,0.0,
2026-03-05 07:51:22,"Lower",25h 22m,"Romanian Deadlift (Dumbbell)",1,0.0,0.0,0,0.0,
2026-03-05 07:51:22,"Lower",25h 22m,"Romanian Deadlift (Dumbbell)",2,0.0,0.0,0,0.0,
2026-03-05 07:51:22,"Lower",25h 22m,"Romanian Deadlift (Dumbbell)",3,0.0,0.0,0,0.0,
2026-03-05 07:51:22,"Lower",25h 22m,"Leg Extension (Machine)",1,260.0,10.0,0,0.0,
2026-03-05 07:51:22,"Lower",25h 22m,"Leg Extension (Machine)",2,260.0,9.0,0,0.0,
2026-03-05 07:51:22,"Lower",25h 22m,"Leg Extension (Machine)",3,260.0,9.0,0,0.0,
2026-03-05 07:51:22,"Lower",25h 22m,"Standing Calf Raise (Bodyweight)",1,0,40.0,0,0.0,
2026-03-05 07:51:22,"Lower",25h 22m,"Standing Calf Raise (Bodyweight)",2,0,33.0,0,0.0,
2026-03-05 07:51:22,"Lower",25h 22m,"Standing Calf Raise (Bodyweight)",3,0,26.0,0,0.0,
2026-03-05 07:51:22,"Lower",25h 22m,"Cable Crunch",1,0.0,0.0,0,0.0,
2026-03-05 07:51:22,"Lower",25h 22m,"Cable Crunch",2,0.0,0.0,0,0.0,
2026-03-06 09:14:21,"Upper Two",45m,"Lat Pulldown (Cable)",1,165.0,10.0,0,0.0,
2026-03-06 09:14:21,"Upper Two",45m,"Lat Pulldown (Cable)",2,165.0,8.0,0,0.0,
2026-03-06 09:14:21,"Upper Two",45m,"Lat Pulldown (Cable)",3,153.0,8.0,0,0.0,
2026-03-06 09:14:21,"Upper Two",45m,"Incline Bench Press (Dumbbell)",1,75.0,12.0,0,0.0,
2026-03-06 09:14:21,"Upper Two",45m,"Incline Bench Press (Dumbbell)",2,75.0,9.0,0,0.0,
2026-03-06 09:14:21,"Upper Two",45m,"Incline Bench Press (Dumbbell)",3,75.0,6.0,0,0.0,
2026-03-06 09:14:21,"Upper Two",45m,"Incline Curl (Dumbbell)",1,25.0,12.0,0,0.0,
2026-03-06 09:14:21,"Upper Two",45m,"Incline Curl (Dumbbell)",2,25.0,8.0,0,0.0,
2026-03-06 09:14:21,"Upper Two",45m,"Incline Curl (Dumbbell)",3,25.0,8.0,0,0.0,
2026-03-06 09:14:21,"Upper Two",45m,"Lateral Raise (Dumbbell)",1,25.0,11.0,0,0.0,
2026-03-06 09:14:21,"Upper Two",45m,"Lateral Raise (Dumbbell)",2,25.0,9.0,0,0.0,
2026-03-06 09:14:21,"Upper Two",45m,"Lateral Raise (Dumbbell)",3,25.0,8.0,0,0.0,
2026-03-06 09:14:21,"Upper Two",45m,"Seated Row (Machine)",1,55.0,12.0,0,0.0,
2026-03-06 09:14:21,"Upper Two",45m,"Seated Row (Machine)",2,55.0,10.0,0,0.0,
2026-03-06 09:14:21,"Upper Two",45m,"Seated Row (Machine)",3,55.0,8.0,0,0.0,
2026-03-06 09:14:21,"Upper Two",45m,"Triceps Extension (Cable)",1,55.0,13.0,0,0.0,
2026-03-06 09:14:21,"Upper Two",45m,"Triceps Extension (Cable)",2,55.0,10.0,0,0.0,
2026-03-06 09:14:21,"Upper Two",45m,"Triceps Extension (Cable)",3,55.0,8.0,0,0.0,
2026-03-06 09:14:21,"Upper Two",45m,"Bicep Curl (Machine)",1,70.0,11.0,0,0.0,
2026-03-06 09:14:21,"Upper Two",45m,"Bicep Curl (Machine)",2,70.0,9.0,0,0.0,
2026-03-06 09:14:21,"Upper Two",45m,"Bicep Curl (Machine)",3,70.0,8.0,0,0.0,
2026-03-06 09:14:21,"Upper Two",45m,"Triceps Pushdown (Cable - Straight Bar)",1,60.5,12.0,0,0.0,
2026-03-06 09:14:21,"Upper Two",45m,"Triceps Pushdown (Cable - Straight Bar)",2,60.5,9.0,0,0.0,
2026-03-06 09:14:21,"Upper Two",45m,"Triceps Pushdown (Cable - Straight Bar)",3,60.5,8.0,0,0.0,
2026-03-09 07:54:49,"Lower",71h 27m,"Squat (Barbell)",1,0.0,0.0,0,0.0,
2026-03-09 07:54:49,"Lower",71h 27m,"Squat (Barbell)",2,0.0,0.0,0,0.0,
2026-03-09 07:54:49,"Lower",71h 27m,"Squat (Barbell)",3,0.0,0.0,0,0.0,
2026-03-09 07:54:49,"Lower",71h 27m,"Seated Leg Curl (Machine)",1,175.0,12.0,0,0.0,
2026-03-09 07:54:49,"Lower",71h 27m,"Seated Leg Curl (Machine)",2,175.0,10.0,0,0.0,
2026-03-09 07:54:49,"Lower",71h 27m,"Seated Leg Curl (Machine)",3,175.0,8.0,0,0.0,
2026-03-09 07:54:49,"Lower",71h 27m,"RFE Squat",1,40.0,10.0,0,0.0,
2026-03-09 07:54:49,"Lower",71h 27m,"RFE Squat",2,40.0,10.0,0,0.0,
2026-03-09 07:54:49,"Lower",71h 27m,"RFE Squat",3,40.0,9.0,0,0.0,
2026-03-09 07:54:49,"Lower",71h 27m,"Romanian Deadlift (Dumbbell)",1,0.0,0.0,0,0.0,
2026-03-09 07:54:49,"Lower",71h 27m,"Romanian Deadlift (Dumbbell)",2,0.0,0.0,0,0.0,
2026-03-09 07:54:49,"Lower",71h 27m,"Romanian Deadlift (Dumbbell)",3,0.0,0.0,0,0.0,
2026-03-09 07:54:49,"Lower",71h 27m,"Leg Extension (Machine)",1,260.0,11.0,0,0.0,
2026-03-09 07:54:49,"Lower",71h 27m,"Leg Extension (Machine)",2,260.0,10.0,0,0.0,
2026-03-09 07:54:49,"Lower",71h 27m,"Leg Extension (Machine)",3,260.0,9.0,0,0.0,
2026-03-09 07:54:49,"Lower",71h 27m,"Standing Calf Raise (Bodyweight)",1,0,40.0,0,0.0,
2026-03-09 07:54:49,"Lower",71h 27m,"Standing Calf Raise (Bodyweight)",2,0,33.0,0,0.0,
2026-03-09 07:54:49,"Lower",71h 27m,"Standing Calf Raise (Bodyweight)",3,0,26.0,0,0.0,
2026-03-09 07:54:49,"Lower",71h 27m,"Cable Crunch",1,0.0,0.0,0,0.0,
2026-03-09 07:54:49,"Lower",71h 27m,"Cable Crunch",2,0.0,0.0,0,0.0,
2026-03-12 07:42:27,"Upper One",52m,"Bench Press (Barbell)",1,215.0,7.0,0,0.0,
2026-03-12 07:42:27,"Upper One",52m,"Bench Press (Barbell)",2,205.0,6.0,0,0.0,
2026-03-12 07:42:27,"Upper One",52m,"Bench Press (Barbell)",3,205.0,5.0,0,0.0,
2026-03-12 07:42:27,"Upper One",52m,"Shoulder Press (Machine)",1,80.0,9.0,0,0.0,
2026-03-12 07:42:27,"Upper One",52m,"Shoulder Press (Machine)",2,80.0,8.0,0,0.0,
2026-03-12 07:42:27,"Upper One",52m,"Shoulder Press (Machine)",3,80.0,7.0,0,0.0,
2026-03-12 07:42:27,"Upper One",52m,"Seated Row (Cable)",1,170.0,10.0,0,0.0,
2026-03-12 07:42:27,"Upper One",52m,"Seated Row (Cable)",2,170.0,8.0,0,0.0,
2026-03-12 07:42:27,"Upper One",52m,"Seated Row (Cable)",3,165.0,8.0,0,0.0,
2026-03-12 07:42:27,"Upper One",52m,"Pull Up (Assisted)",1,40.0,8.0,0,0.0,
2026-03-12 07:42:27,"Upper One",52m,"Pull Up (Assisted)",2,40.0,6.0,0,0.0,
2026-03-12 07:42:27,"Upper One",52m,"Pull Up (Assisted)",3,60.0,7.0,0,0.0,
2026-03-12 07:42:27,"Upper One",52m,"Triceps Dip (Assisted)",1,0.0,6.0,0,0.0,
2026-03-12 07:42:27,"Upper One",52m,"Triceps Dip (Assisted)",2,0.0,5.0,0,0.0,
2026-03-12 07:42:27,"Upper One",52m,"Triceps Dip (Assisted)",3,40.0,7.0,0,0.0,
2026-03-12 07:42:27,"Upper One",52m,"Lateral Raise (Cable)",1,10.0,14.0,0,0.0,
2026-03-12 07:42:27,"Upper One",52m,"Lateral Raise (Cable)",2,13.0,9.0,0,0.0,
2026-03-12 07:42:27,"Upper One",52m,"Lateral Raise (Cable)",3,13.0,7.0,0,0.0,
2026-03-12 07:42:27,"Upper One",52m,"Bicep Curl (Cable)",1,50.0,10.0,0,0.0,
2026-03-12 07:42:27,"Upper One",52m,"Bicep Curl (Cable)",2,50.0,8.0,0,0.0,
2026-03-12 07:42:27,"Upper One",52m,"Bicep Curl (Cable)",3,50.0,7.0,0,0.0,
2026-03-16 07:33:35,"Lower",29m,"Squat (Barbell)",1,0.0,0.0,0,0.0,
2026-03-16 07:33:35,"Lower",29m,"Squat (Barbell)",2,0.0,0.0,0,0.0,
2026-03-16 07:33:35,"Lower",29m,"Squat (Barbell)",3,0.0,0.0,0,0.0,
2026-03-16 07:33:35,"Lower",29m,"Seated Leg Curl (Machine)",1,0.0,0.0,0,0.0,
2026-03-16 07:33:35,"Lower",29m,"Seated Leg Curl (Machine)",2,0.0,0.0,0,0.0,
2026-03-16 07:33:35,"Lower",29m,"Seated Leg Curl (Machine)",3,0.0,0.0,0,0.0,
2026-03-16 07:33:35,"Lower",29m,"RFE Squat",1,50.0,8.0,0,0.0,
2026-03-16 07:33:35,"Lower",29m,"RFE Squat",2,50.0,8.0,0,0.0,
2026-03-16 07:33:35,"Lower",29m,"RFE Squat",3,50.0,8.0,0,0.0,
2026-03-16 07:33:35,"Lower",29m,"Romanian Deadlift (Dumbbell)",1,50.0,10.0,0,0.0,
2026-03-16 07:33:35,"Lower",29m,"Romanian Deadlift (Dumbbell)",2,50.0,8.0,0,0.0,
2026-03-16 07:33:35,"Lower",29m,"Romanian Deadlift (Dumbbell)",3,50.0,8.0,0,0.0,
2026-03-16 07:33:35,"Lower",29m,"Leg Extension (Machine)",1,240.0,11.0,0,0.0,
2026-03-16 07:33:35,"Lower",29m,"Leg Extension (Machine)",2,240.0,11.0,0,0.0,
2026-03-16 07:33:35,"Lower",29m,"Leg Extension (Machine)",3,240.0,11.0,0,0.0,
2026-03-16 07:33:35,"Lower",29m,"Standing Calf Raise (Bodyweight)",1,0,40.0,0,0.0,
2026-03-16 07:33:35,"Lower",29m,"Standing Calf Raise (Bodyweight)",2,0,31.0,0,0.0,
2026-03-16 07:33:35,"Lower",29m,"Standing Calf Raise (Bodyweight)",3,0,28.0,0,0.0,
2026-03-16 07:33:35,"Lower",29m,"Cable Crunch",1,0.0,0.0,0,0.0,
2026-03-16 07:33:35,"Lower",29m,"Cable Crunch",2,0.0,0.0,0,0.0,
2026-03-17 07:30:46,"Upper Two",51m,"Lat Pulldown (Cable)",1,170.0,9.0,0,0.0,
2026-03-17 07:30:46,"Upper Two",51m,"Lat Pulldown (Cable)",2,165.0,8.0,0,0.0,
2026-03-17 07:30:46,"Upper Two",51m,"Lat Pulldown (Cable)",3,153.0,8.0,0,0.0,
2026-03-17 07:30:46,"Upper Two",51m,"Incline Bench Press (Dumbbell)",1,65.0,12.0,0,0.0,
2026-03-17 07:30:46,"Upper Two",51m,"Incline Bench Press (Dumbbell)",2,65.0,10.0,0,0.0,
2026-03-17 07:30:46,"Upper Two",51m,"Incline Bench Press (Dumbbell)",3,65.0,9.0,0,0.0,
2026-03-17 07:30:46,"Upper Two",51m,"Incline Curl (Dumbbell)",1,25.0,10.0,0,0.0,
2026-03-17 07:30:46,"Upper Two",51m,"Incline Curl (Dumbbell)",2,25.0,9.0,0,0.0,
2026-03-17 07:30:46,"Upper Two",51m,"Incline Curl (Dumbbell)",3,25.0,7.0,0,0.0,
2026-03-17 07:30:46,"Upper Two",51m,"Lateral Raise (Dumbbell)",1,25.0,9.0,0,0.0,
2026-03-17 07:30:46,"Upper Two",51m,"Lateral Raise (Dumbbell)",2,20.0,11.0,0,0.0,
2026-03-17 07:30:46,"Upper Two",51m,"Lateral Raise (Dumbbell)",3,20.0,8.0,0,0.0,
2026-03-17 07:30:46,"Upper Two",51m,"Seated Row (Machine)",1,60.0,10.0,0,0.0,
2026-03-17 07:30:46,"Upper Two",51m,"Seated Row (Machine)",2,60.0,9.0,0,0.0,
2026-03-17 07:30:46,"Upper Two",51m,"Seated Row (Machine)",3,60.0,8.0,0,0.0,
2026-03-17 07:30:46,"Upper Two",51m,"Triceps Extension (Cable)",1,53.0,12.0,0,0.0,
2026-03-17 07:30:46,"Upper Two",51m,"Triceps Extension (Cable)",2,53.0,10.0,0,0.0,
2026-03-17 07:30:46,"Upper Two",51m,"Triceps Extension (Cable)",3,53.0,8.0,0,0.0,
2026-03-17 07:30:46,"Upper Two",51m,"Bicep Curl (Cable)",1,50.0,10.0,0,0.0,
2026-03-17 07:30:46,"Upper Two",51m,"Bicep Curl (Cable)",2,50.0,9.0,0,0.0,
2026-03-17 07:30:46,"Upper Two",51m,"Bicep Curl (Cable)",3,50.0,8.0,0,0.0,
2026-03-17 07:30:46,"Upper Two",51m,"Triceps Pushdown (Cable - Straight Bar)",1,63.0,8.0,0,0.0,
2026-03-17 07:30:46,"Upper Two",51m,"Triceps Pushdown (Cable - Straight Bar)",2,60.0,8.0,0,0.0,
2026-03-17 07:30:46,"Upper Two",51m,"Triceps Pushdown (Cable - Straight Bar)",3,60.0,0.0,0,0.0,
2026-03-19 08:01:59,"Lower",49m,"Squat (Barbell)",1,225.0,8.0,0,0.0,
2026-03-19 08:01:59,"Lower",49m,"Squat (Barbell)",2,225.0,6.0,0,0.0,
2026-03-19 08:01:59,"Lower",49m,"Squat (Barbell)",3,225.0,6.0,0,0.0,
2026-03-19 08:01:59,"Lower",49m,"Seated Leg Curl (Machine)",1,165.0,12.0,0,0.0,
2026-03-19 08:01:59,"Lower",49m,"Seated Leg Curl (Machine)",2,187.0,8.0,0,0.0,
2026-03-19 08:01:59,"Lower",49m,"Seated Leg Curl (Machine)",3,187.0,8.0,0,0.0,
2026-03-19 08:01:59,"Lower",49m,"RFE Squat",1,0.0,0.0,0,0.0,
2026-03-19 08:01:59,"Lower",49m,"RFE Squat",2,0.0,0.0,0,0.0,
2026-03-19 08:01:59,"Lower",49m,"RFE Squat",3,0.0,0.0,0,0.0,
2026-03-19 08:01:59,"Lower",49m,"Romanian Deadlift (Dumbbell)",1,0.0,0.0,0,0.0,
2026-03-19 08:01:59,"Lower",49m,"Romanian Deadlift (Dumbbell)",2,0.0,0.0,0,0.0,
2026-03-19 08:01:59,"Lower",49m,"Romanian Deadlift (Dumbbell)",3,0.0,0.0,0,0.0,
2026-03-19 08:01:59,"Lower",49m,"Leg Extension (Machine)",1,260.0,10.0,0,0.0,
2026-03-19 08:01:59,"Lower",49m,"Leg Extension (Machine)",2,260.0,9.0,0,0.0,
2026-03-19 08:01:59,"Lower",49m,"Leg Extension (Machine)",3,260.0,8.0,0,0.0,
2026-03-19 08:01:59,"Lower",49m,"Standing Calf Raise (Bodyweight)",1,0,41.0,0,0.0,
2026-03-19 08:01:59,"Lower",49m,"Standing Calf Raise (Bodyweight)",2,0,33.0,0,0.0,
2026-03-19 08:01:59,"Lower",49m,"Standing Calf Raise (Bodyweight)",3,0,31.0,0,0.0,
2026-03-19 08:01:59,"Lower",49m,"Cable Crunch",1,0.0,0.0,0,0.0,
2026-03-19 08:01:59,"Lower",49m,"Cable Crunch",2,0.0,0.0,0,0.0,
2026-03-21 10:14:39,"Upper One",1h 9m,"Bench Press (Barbell)",1,215.0,7.0,0,0.0,
2026-03-21 10:14:39,"Upper One",1h 9m,"Bench Press (Barbell)",2,215.0,5.0,0,0.0,
2026-03-21 10:14:39,"Upper One",1h 9m,"Bench Press (Barbell)",3,205.0,5.0,0,0.0,
2026-03-21 10:14:39,"Upper One",1h 9m,"Shoulder Press (Machine)",1,80.0,9.0,0,0.0,
2026-03-21 10:14:39,"Upper One",1h 9m,"Shoulder Press (Machine)",2,80.0,8.0,0,0.0,
2026-03-21 10:14:39,"Upper One",1h 9m,"Shoulder Press (Machine)",3,80.0,7.0,0,0.0,
2026-03-21 10:14:39,"Upper One",1h 9m,"Seated Row (Cable)",1,170.0,11.0,0,0.0,
2026-03-21 10:14:39,"Upper One",1h 9m,"Seated Row (Cable)",2,170.0,8.0,0,0.0,
2026-03-21 10:14:39,"Upper One",1h 9m,"Seated Row (Cable)",3,165.0,7.0,0,0.0,
2026-03-21 10:14:39,"Upper One",1h 9m,"Pull Up (Assisted)",1,40.0,8.0,0,0.0,
2026-03-21 10:14:39,"Upper One",1h 9m,"Pull Up (Assisted)",2,40.0,6.0,0,0.0,
2026-03-21 10:14:39,"Upper One",1h 9m,"Pull Up (Assisted)",3,60.0,7.0,0,0.0,
2026-03-21 10:14:39,"Upper One",1h 9m,"Triceps Dip (Assisted)",1,0.0,6.0,0,0.0,
2026-03-21 10:14:39,"Upper One",1h 9m,"Triceps Dip (Assisted)",2,0.0,5.0,0,0.0,
2026-03-21 10:14:39,"Upper One",1h 9m,"Triceps Dip (Assisted)",3,40.0,7.0,0,0.0,
2026-03-21 10:14:39,"Upper One",1h 9m,"Lateral Raise (Cable)",1,13.0,12.0,0,0.0,
2026-03-21 10:14:39,"Upper One",1h 9m,"Lateral Raise (Cable)",2,13.0,9.0,0,0.0,
2026-03-21 10:14:39,"Upper One",1h 9m,"Lateral Raise (Cable)",3,13.0,8.0,0,0.0,
2026-03-21 10:14:39,"Upper One",1h 9m,"Bicep Curl (Cable)",1,50.0,11.0,0,0.0,
2026-03-21 10:14:39,"Upper One",1h 9m,"Bicep Curl (Cable)",2,50.0,8.0,0,0.0,
2026-03-21 10:14:39,"Upper One",1h 9m,"Bicep Curl (Cable)",3,50.0,7.0,0,0.0,
2026-03-22 08:42:11,"Lower",37m,"Squat (Barbell)",1,225.0,8.0,0,0.0,
2026-03-22 08:42:11,"Lower",37m,"Squat (Barbell)",2,225.0,6.0,0,0.0,
2026-03-22 08:42:11,"Lower",37m,"Squat (Barbell)",3,225.0,6.0,0,0.0,
2026-03-22 08:42:11,"Lower",37m,"Seated Leg Curl (Machine)",1,165.0,12.0,0,0.0,
2026-03-22 08:42:11,"Lower",37m,"Seated Leg Curl (Machine)",2,187.0,8.0,0,0.0,
2026-03-22 08:42:11,"Lower",37m,"Seated Leg Curl (Machine)",3,187.0,8.0,0,0.0,
2026-03-22 08:42:11,"Lower",37m,"RFE Squat",1,0.0,0.0,0,0.0,
2026-03-22 08:42:11,"Lower",37m,"RFE Squat",2,0.0,0.0,0,0.0,
2026-03-22 08:42:11,"Lower",37m,"RFE Squat",3,0.0,0.0,0,0.0,
2026-03-22 08:42:11,"Lower",37m,"Romanian Deadlift (Dumbbell)",1,0.0,0.0,0,0.0,
2026-03-22 08:42:11,"Lower",37m,"Romanian Deadlift (Dumbbell)",2,0.0,0.0,0,0.0,
2026-03-22 08:42:11,"Lower",37m,"Romanian Deadlift (Dumbbell)",3,0.0,0.0,0,0.0,
2026-03-22 08:42:11,"Lower",37m,"Leg Extension (Machine)",1,260.0,10.0,0,0.0,
2026-03-22 08:42:11,"Lower",37m,"Leg Extension (Machine)",2,260.0,9.0,0,0.0,
2026-03-22 08:42:11,"Lower",37m,"Leg Extension (Machine)",3,260.0,8.0,0,0.0,
2026-03-22 08:42:11,"Lower",37m,"Standing Calf Raise (Bodyweight)",1,0,41.0,0,0.0,
2026-03-22 08:42:11,"Lower",37m,"Standing Calf Raise (Bodyweight)",2,0,32.0,0,0.0,
2026-03-22 08:42:11,"Lower",37m,"Standing Calf Raise (Bodyweight)",3,0,28.0,0,0.0,
2026-03-22 08:42:11,"Lower",37m,"Cable Crunch",1,0.0,0.0,0,0.0,
2026-03-22 08:42:11,"Lower",37m,"Cable Crunch",2,0.0,0.0,0,0.0,
2026-03-23 08:11:11,"Upper Two",40m,"Lat Pulldown (Cable)",1,153.0,12.0,0,0.0,
2026-03-23 08:11:11,"Upper Two",40m,"Lat Pulldown (Cable)",2,153.0,9.0,0,0.0,
2026-03-23 08:11:11,"Upper Two",40m,"Lat Pulldown (Cable)",3,153.0,8.0,0,0.0,
2026-03-23 08:11:11,"Upper Two",40m,"Incline Bench Press (Dumbbell)",1,65.0,13.0,0,0.0,
2026-03-23 08:11:11,"Upper Two",40m,"Incline Bench Press (Dumbbell)",2,65.0,10.0,0,0.0,
2026-03-23 08:11:11,"Upper Two",40m,"Incline Bench Press (Dumbbell)",3,65.0,7.0,0,0.0,
2026-03-23 08:11:11,"Upper Two",40m,"Incline Curl (Dumbbell)",1,20.0,13.0,0,0.0,
2026-03-23 08:11:11,"Upper Two",40m,"Incline Curl (Dumbbell)",2,25.0,10.0,0,0.0,
2026-03-23 08:11:11,"Upper Two",40m,"Incline Curl (Dumbbell)",3,25.0,8.0,0,0.0,
2026-03-23 08:11:11,"Upper Two",40m,"Lateral Raise (Dumbbell)",1,20.0,11.0,0,0.0,
2026-03-23 08:11:11,"Upper Two",40m,"Lateral Raise (Dumbbell)",2,20.0,10.0,0,0.0,
2026-03-23 08:11:11,"Upper Two",40m,"Lateral Raise (Dumbbell)",3,20.0,9.0,0,0.0,
2026-03-23 08:11:11,"Upper Two",40m,"Seated Row (Machine)",1,60.0,10.0,0,0.0,
2026-03-23 08:11:11,"Upper Two",40m,"Seated Row (Machine)",2,60.0,9.0,0,0.0,
2026-03-23 08:11:11,"Upper Two",40m,"Seated Row (Machine)",3,60.0,8.0,0,0.0,
2026-03-23 08:11:11,"Upper Two",40m,"Triceps Extension (Cable)",1,53.0,13.0,0,0.0,
2026-03-23 08:11:11,"Upper Two",40m,"Triceps Extension (Cable)",2,53.0,9.0,0,0.0,
2026-03-23 08:11:11,"Upper Two",40m,"Triceps Extension (Cable)",3,53.0,8.0,0,0.0,
2026-03-23 08:11:11,"Upper Two",40m,"Bicep Curl (Cable)",1,53.0,8.0,0,0.0,
2026-03-23 08:11:11,"Upper Two",40m,"Bicep Curl (Cable)",2,47.0,10.0,0,0.0,
2026-03-23 08:11:11,"Upper Two",40m,"Bicep Curl (Cable)",3,47.0,8.0,0,0.0,
2026-03-23 08:11:11,"Upper Two",40m,"Triceps Pushdown (Cable - Straight Bar)",1,57.0,10.0,0,0.0,
2026-03-23 08:11:11,"Upper Two",40m,"Triceps Pushdown (Cable - Straight Bar)",2,57.0,8.0,0,0.0,
2026-03-23 08:11:11,"Upper Two",40m,"Triceps Pushdown (Cable - Straight Bar)",3,57.0,8.0,0,0.0,
2026-03-24 07:34:35,"Lower",40m,"Squat (Barbell)",1,0.0,0.0,0,0.0,
2026-03-24 07:34:35,"Lower",40m,"Squat (Barbell)",2,0.0,0.0,0,0.0,
2026-03-24 07:34:35,"Lower",40m,"Squat (Barbell)",3,0.0,0.0,0,0.0,
2026-03-24 07:34:35,"Lower",40m,"Seated Leg Curl (Machine)",1,0.0,0.0,0,0.0,
2026-03-24 07:34:35,"Lower",40m,"Seated Leg Curl (Machine)",2,0.0,0.0,0,0.0,
2026-03-24 07:34:35,"Lower",40m,"Seated Leg Curl (Machine)",3,0.0,0.0,0,0.0,
2026-03-24 07:34:35,"Lower",40m,"RFE Squat",1,45.0,10.0,0,0.0,
2026-03-24 07:34:35,"Lower",40m,"RFE Squat",2,45.0,10.0,0,0.0,
2026-03-24 07:34:35,"Lower",40m,"RFE Squat",3,45.0,8.0,0,0.0,
2026-03-24 07:34:35,"Lower",40m,"Romanian Deadlift (Dumbbell)",1,45.0,10.0,0,0.0,
2026-03-24 07:34:35,"Lower",40m,"Romanian Deadlift (Dumbbell)",2,45.0,10.0,0,0.0,
2026-03-24 07:34:35,"Lower",40m,"Romanian Deadlift (Dumbbell)",3,45.0,8.0,0,0.0,
2026-03-24 07:34:35,"Lower",40m,"Leg Extension (Machine)",1,260.0,10.0,0,0.0,
2026-03-24 07:34:35,"Lower",40m,"Leg Extension (Machine)",2,260.0,10.0,0,0.0,
2026-03-24 07:34:35,"Lower",40m,"Leg Extension (Machine)",3,260.0,9.0,0,0.0,
2026-03-24 07:34:35,"Lower",40m,"Standing Calf Raise (Smith Machine)",1,185.0,20.0,0,0.0,
2026-03-24 07:34:35,"Lower",40m,"Standing Calf Raise (Smith Machine)",2,185.0,18.0,0,0.0,
2026-03-24 07:34:35,"Lower",40m,"Standing Calf Raise (Smith Machine)",3,185.0,16.0,0,0.0,
2026-03-24 07:34:35,"Lower",40m,"Cable Crunch",1,0.0,0.0,0,0.0,
2026-03-24 07:34:35,"Lower",40m,"Cable Crunch",2,0.0,0.0,0,0.0,
2026-03-28 10:33:34,"Upper One",1h 11m,"Bench Press (Barbell)",1,215.0,7.0,0,0.0,
2026-03-28 10:33:34,"Upper One",1h 11m,"Bench Press (Barbell)",2,205.0,6.0,0,0.0,
2026-03-28 10:33:34,"Upper One",1h 11m,"Bench Press (Barbell)",3,205.0,5.0,0,0.0,
2026-03-28 10:33:34,"Upper One",1h 11m,"Shoulder Press (Machine)",1,70.0,12.0,0,0.0,
2026-03-28 10:33:34,"Upper One",1h 11m,"Shoulder Press (Machine)",2,70.0,10.0,0,0.0,
2026-03-28 10:33:34,"Upper One",1h 11m,"Shoulder Press (Machine)",3,70.0,7.0,0,0.0,
2026-03-28 10:33:34,"Upper One",1h 11m,"Seated Row (Cable)",1,170.0,11.0,0,0.0,
2026-03-28 10:33:34,"Upper One",1h 11m,"Seated Row (Cable)",2,170.0,9.0,0,0.0,
2026-03-28 10:33:34,"Upper One",1h 11m,"Seated Row (Cable)",3,170.0,7.0,0,0.0,
2026-03-28 10:33:34,"Upper One",1h 11m,"Pull Up (Assisted)",1,40.0,8.0,0,0.0,
2026-03-28 10:33:34,"Upper One",1h 11m,"Pull Up (Assisted)",2,40.0,8.0,0,0.0,
2026-03-28 10:33:34,"Upper One",1h 11m,"Pull Up (Assisted)",3,60.0,6.0,0,0.0,
2026-03-28 10:33:34,"Upper One",1h 11m,"Triceps Dip (Assisted)",1,0.0,6.0,0,0.0,
2026-03-28 10:33:34,"Upper One",1h 11m,"Triceps Dip (Assisted)",2,0.0,5.0,0,0.0,
2026-03-28 10:33:34,"Upper One",1h 11m,"Triceps Dip (Assisted)",3,40.0,8.0,0,0.0,
2026-03-28 10:33:34,"Upper One",1h 11m,"Lateral Raise (Cable)",1,13.0,10.0,0,0.0,
2026-03-28 10:33:34,"Upper One",1h 11m,"Lateral Raise (Cable)",2,13.0,9.0,0,0.0,
2026-03-28 10:33:34,"Upper One",1h 11m,"Lateral Raise (Cable)",3,13.0,7.0,0,0.0,
2026-03-28 10:33:34,"Upper One",1h 11m,"Bicep Curl (Cable)",1,50.0,10.0,0,0.0,
2026-03-28 10:33:34,"Upper One",1h 11m,"Bicep Curl (Cable)",2,50.0,8.0,0,0.0,
2026-03-28 10:33:34,"Upper One",1h 11m,"Bicep Curl (Cable)",3,50.0,7.0,0,0.0,
2026-03-29 08:27:05,"Lower",37m,"Squat (Barbell)",1,225.0,8.0,0,0.0,
2026-03-29 08:27:05,"Lower",37m,"Squat (Barbell)",2,225.0,6.0,0,0.0,
2026-03-29 08:27:05,"Lower",37m,"Squat (Barbell)",3,225.0,6.0,0,0.0,
2026-03-29 08:27:05,"Lower",37m,"Seated Leg Curl (Machine)",1,187.0,10.0,0,0.0,
2026-03-29 08:27:05,"Lower",37m,"Seated Leg Curl (Machine)",2,187.0,9.0,0,0.0,
2026-03-29 08:27:05,"Lower",37m,"Seated Leg Curl (Machine)",3,187.0,7.0,0,0.0,
2026-03-29 08:27:05,"Lower",37m,"Leg Extension (Machine)",1,240.0,12.0,0,0.0,
2026-03-29 08:27:05,"Lower",37m,"Leg Extension (Machine)",2,240.0,10.0,0,0.0,
2026-03-29 08:27:05,"Lower",37m,"Leg Extension (Machine)",3,240.0,9.0,0,0.0,
2026-03-29 08:27:05,"Lower",37m,"Standing Calf Raise (Smith Machine)",1,205.0,18.0,0,0.0,
2026-03-29 08:27:05,"Lower",37m,"Standing Calf Raise (Smith Machine)",2,205.0,15.0,0,0.0,
2026-03-29 08:27:05,"Lower",37m,"Standing Calf Raise (Smith Machine)",3,205.0,13.0,0,0.0,
2026-03-29 08:27:05,"Lower",37m,"Cable Crunch",1,0.0,0.0,0,0.0,
2026-03-29 08:27:05,"Lower",37m,"Cable Crunch",2,0.0,0.0,0,0.0,
2026-03-30 07:39:12,"Upper Two",49m,"Lat Pulldown (Cable)",1,165.0,11.0,0,0.0,
2026-03-30 07:39:12,"Upper Two",49m,"Lat Pulldown (Cable)",2,165.0,8.0,0,0.0,
2026-03-30 07:39:12,"Upper Two",49m,"Lat Pulldown (Cable)",3,153.0,9.0,0,0.0,
2026-03-30 07:39:12,"Upper Two",49m,"Incline Bench Press (Dumbbell)",1,65.0,13.0,0,0.0,
2026-03-30 07:39:12,"Upper Two",49m,"Incline Bench Press (Dumbbell)",2,65.0,11.0,0,0.0,
2026-03-30 07:39:12,"Upper Two",49m,"Incline Bench Press (Dumbbell)",3,65.0,10.0,0,0.0,
2026-03-30 07:39:12,"Upper Two",49m,"Incline Curl (Dumbbell)",1,25.0,10.0,0,0.0,
2026-03-30 07:39:12,"Upper Two",49m,"Incline Curl (Dumbbell)",2,25.0,8.0,0,0.0,
2026-03-30 07:39:12,"Upper Two",49m,"Incline Curl (Dumbbell)",3,25.0,7.0,0,0.0,
2026-03-30 07:39:12,"Upper Two",49m,"Lateral Raise (Dumbbell)",1,20.0,8.0,0,0.0,
2026-03-30 07:39:12,"Upper Two",49m,"Lateral Raise (Dumbbell)",2,20.0,7.0,0,0.0,
2026-03-30 07:39:12,"Upper Two",49m,"Lateral Raise (Dumbbell)",3,20.0,8.0,0,0.0,
2026-03-30 07:39:12,"Upper Two",49m,"Seated Row (Machine)",1,60.0,12.0,0,0.0,
2026-03-30 07:39:12,"Upper Two",49m,"Seated Row (Machine)",2,60.0,10.0,0,0.0,
2026-03-30 07:39:12,"Upper Two",49m,"Seated Row (Machine)",3,60.0,8.0,0,0.0,
2026-03-30 07:39:12,"Upper Two",49m,"Triceps Extension (Cable)",1,55.0,11.0,0,0.0,
2026-03-30 07:39:12,"Upper Two",49m,"Triceps Extension (Cable)",2,55.0,8.0,0,0.0,
2026-03-30 07:39:12,"Upper Two",49m,"Triceps Extension (Cable)",3,55.0,7.0,0,0.0,
2026-03-30 07:39:12,"Upper Two",49m,"Bicep Curl (Cable)",1,55.0,10.0,0,0.0,
2026-03-30 07:39:12,"Upper Two",49m,"Bicep Curl (Cable)",2,55.0,8.0,0,0.0,
2026-03-30 07:39:12,"Upper Two",49m,"Bicep Curl (Cable)",3,55.0,7.0,0,0.0,
2026-03-30 07:39:12,"Upper Two",49m,"Triceps Pushdown (Cable - Straight Bar)",1,60.5,10.0,0,0.0,
2026-03-30 07:39:12,"Upper Two",49m,"Triceps Pushdown (Cable - Straight Bar)",2,60.5,8.0,0,0.0,
2026-03-30 07:39:12,"Upper Two",49m,"Triceps Pushdown (Cable - Straight Bar)",3,60.5,8.0,0,0.0,
2026-03-31 07:40:53,"Lower",31m,"Squat (Barbell)",1,225.0,8.0,0,0.0,
2026-03-31 07:40:53,"Lower",31m,"Squat (Barbell)",2,225.0,6.0,0,0.0,
2026-03-31 07:40:53,"Lower",31m,"Squat (Barbell)",3,225.0,6.0,0,0.0,
2026-03-31 07:40:53,"Lower",31m,"Seated Leg Curl (Machine)",1,187.0,10.0,0,0.0,
2026-03-31 07:40:53,"Lower",31m,"Seated Leg Curl (Machine)",2,187.0,9.0,0,0.0,
2026-03-31 07:40:53,"Lower",31m,"Seated Leg Curl (Machine)",3,187.0,7.0,0,0.0,
2026-03-31 07:40:53,"Lower",31m,"RFE Squat",1,45.0,10.0,0,0.0,
2026-03-31 07:40:53,"Lower",31m,"RFE Squat",2,45.0,9.0,0,0.0,
2026-03-31 07:40:53,"Lower",31m,"RFE Squat",3,45.0,8.0,0,0.0,
2026-03-31 07:40:53,"Lower",31m,"Romanian Deadlift (Dumbbell)",1,45.0,10.0,0,0.0,
2026-03-31 07:40:53,"Lower",31m,"Romanian Deadlift (Dumbbell)",2,45.0,9.0,0,0.0,
2026-03-31 07:40:53,"Lower",31m,"Romanian Deadlift (Dumbbell)",3,45.0,8.0,0,0.0,
2026-03-31 07:40:53,"Lower",31m,"Leg Extension (Machine)",1,240.0,10.0,0,0.0,
2026-03-31 07:40:53,"Lower",31m,"Leg Extension (Machine)",2,240.0,9.0,0,0.0,
2026-03-31 07:40:53,"Lower",31m,"Leg Extension (Machine)",3,240.0,9.0,0,0.0,
2026-03-31 07:40:53,"Lower",31m,"Standing Calf Raise (Smith Machine)",1,205.0,18.0,0,0.0,
2026-03-31 07:40:53,"Lower",31m,"Standing Calf Raise (Smith Machine)",2,205.0,15.0,0,0.0,
2026-03-31 07:40:53,"Lower",31m,"Standing Calf Raise (Smith Machine)",3,205.0,13.0,0,0.0,
2026-03-31 07:40:53,"Lower",31m,"Cable Crunch",1,71.5,13.0,0,0.0,
2026-03-31 07:40:53,"Lower",31m,"Cable Crunch",2,77.0,12.0,0,0.0,
2026-04-02 07:39:24,"Upper One",53h 4m,"Bench Press (Barbell)",1,225.0,8.0,0,0.0,
2026-04-02 07:39:24,"Upper One",53h 4m,"Bench Press (Barbell)",2,225.0,6.0,0,0.0,
2026-04-02 07:39:24,"Upper One",53h 4m,"Bench Press (Barbell)",3,225.0,5.0,0,0.0,
2026-04-02 07:39:24,"Upper One",53h 4m,"Shoulder Press (Machine)",1,70.0,12.0,0,0.0,
2026-04-02 07:39:24,"Upper One",53h 4m,"Shoulder Press (Machine)",2,70.0,10.0,0,0.0,
2026-04-02 07:39:24,"Upper One",53h 4m,"Shoulder Press (Machine)",3,70.0,7.0,0,0.0,
2026-04-02 07:39:24,"Upper One",53h 4m,"Seated Row (Cable)",1,170.0,11.0,0,0.0,
2026-04-02 07:39:24,"Upper One",53h 4m,"Seated Row (Cable)",2,170.0,8.0,0,0.0,
2026-04-02 07:39:24,"Upper One",53h 4m,"Seated Row (Cable)",3,170.0,7.0,0,0.0,
2026-04-02 07:39:24,"Upper One",53h 4m,"Pull Up (Assisted)",1,40.0,8.0,0,0.0,
2026-04-02 07:39:24,"Upper One",53h 4m,"Pull Up (Assisted)",2,40.0,8.0,0,0.0,
2026-04-02 07:39:24,"Upper One",53h 4m,"Pull Up (Assisted)",3,60.0,6.0,0,0.0,
2026-04-02 07:39:24,"Upper One",53h 4m,"Triceps Dip (Assisted)",1,0.0,6.0,0,0.0,
2026-04-02 07:39:24,"Upper One",53h 4m,"Triceps Dip (Assisted)",2,0.0,5.0,0,0.0,
2026-04-02 07:39:24,"Upper One",53h 4m,"Triceps Dip (Assisted)",3,40.0,8.0,0,0.0,
2026-04-02 07:39:24,"Upper One",53h 4m,"Lateral Raise (Cable)",1,13.0,12.0,0,0.0,
2026-04-02 07:39:24,"Upper One",53h 4m,"Lateral Raise (Cable)",2,13.0,10.0,0,0.0,
2026-04-02 07:39:24,"Upper One",53h 4m,"Lateral Raise (Cable)",3,13.0,9.0,0,0.0,
2026-04-02 07:39:24,"Upper One",53h 4m,"Bicep Curl (Cable)",1,50.0,11.0,0,0.0,
2026-04-02 07:39:24,"Upper One",53h 4m,"Bicep Curl (Cable)",2,50.0,9.0,0,0.0,
2026-04-02 07:39:24,"Upper One",53h 4m,"Bicep Curl (Cable)",3,50.0,8.0,0,0.0,
2026-04-06 07:44:45,"Lower",42m,"Squat (Barbell)",1,225.0,8.0,0,0.0,
2026-04-06 07:44:45,"Lower",42m,"Squat (Barbell)",2,235.0,6.0,0,0.0,
2026-04-06 07:44:45,"Lower",42m,"Squat (Barbell)",3,235.0,5.0,0,0.0,
2026-04-06 07:44:45,"Lower",42m,"Seated Leg Curl (Machine)",1,187.0,10.0,0,0.0,
2026-04-06 07:44:45,"Lower",42m,"Seated Leg Curl (Machine)",2,187.0,9.0,0,0.0,
2026-04-06 07:44:45,"Lower",42m,"Seated Leg Curl (Machine)",3,187.0,8.0,0,0.0,
2026-04-06 07:44:45,"Lower",42m,"RFE Squat",1,0.0,0.0,0,0.0,
2026-04-06 07:44:45,"Lower",42m,"RFE Squat",2,0.0,0.0,0,0.0,
2026-04-06 07:44:45,"Lower",42m,"RFE Squat",3,0.0,0.0,0,0.0,
2026-04-06 07:44:45,"Lower",42m,"Romanian Deadlift (Dumbbell)",1,0.0,0.0,0,0.0,
2026-04-06 07:44:45,"Lower",42m,"Romanian Deadlift (Dumbbell)",2,0.0,0.0,0,0.0,
2026-04-06 07:44:45,"Lower",42m,"Romanian Deadlift (Dumbbell)",3,0.0,0.0,0,0.0,
2026-04-06 07:44:45,"Lower",42m,"Leg Extension (Machine)",1,240.0,10.0,0,0.0,
2026-04-06 07:44:45,"Lower",42m,"Leg Extension (Machine)",2,240.0,10.0,0,0.0,
2026-04-06 07:44:45,"Lower",42m,"Leg Extension (Machine)",3,240.0,9.0,0,0.0,
2026-04-06 07:44:45,"Lower",42m,"Standing Calf Raise (Smith Machine)",1,225.0,14.0,0,0.0,
2026-04-06 07:44:45,"Lower",42m,"Standing Calf Raise (Smith Machine)",2,225.0,12.0,0,0.0,
2026-04-06 07:44:45,"Lower",42m,"Standing Calf Raise (Smith Machine)",3,225.0,12.0,0,0.0,
2026-04-06 07:44:45,"Lower",42m,"Cable Crunch",1,71.5,13.0,0,0.0,
2026-04-06 07:44:45,"Lower",42m,"Cable Crunch",2,77.0,12.0,0,0.0,
2026-04-07 07:43:01,"Upper Two",36m,"Lat Pulldown (Cable)",1,187.0,7.0,0,0.0,
2026-04-07 07:43:01,"Upper Two",36m,"Lat Pulldown (Cable)",2,187.0,6.0,0,0.0,
2026-04-07 07:43:01,"Upper Two",36m,"Lat Pulldown (Cable)",3,153.0,9.0,0,0.0,
2026-04-07 07:43:01,"Upper Two",36m,"Incline Bench Press (Dumbbell)",1,70.0,11.0,0,0.0,
2026-04-07 07:43:01,"Upper Two",36m,"Incline Bench Press (Dumbbell)",2,70.0,9.0,0,0.0,
2026-04-07 07:43:01,"Upper Two",36m,"Incline Bench Press (Dumbbell)",3,70.0,8.0,0,0.0,
2026-04-07 07:43:01,"Upper Two",36m,"Incline Curl (Dumbbell)",1,30.0,8.0,0,0.0,
2026-04-07 07:43:01,"Upper Two",36m,"Incline Curl (Dumbbell)",2,30.0,7.0,0,0.0,
2026-04-07 07:43:01,"Upper Two",36m,"Incline Curl (Dumbbell)",3,30.0,6.0,0,0.0,
2026-04-07 07:43:01,"Upper Two",36m,"Lateral Raise (Dumbbell)",1,20.0,9.0,0,0.0,
2026-04-07 07:43:01,"Upper Two",36m,"Lateral Raise (Dumbbell)",2,20.0,8.0,0,0.0,
2026-04-07 07:43:01,"Upper Two",36m,"Lateral Raise (Dumbbell)",3,20.0,7.0,0,0.0,
2026-04-07 07:43:01,"Upper Two",36m,"Seated Row (Machine)",1,60.0,12.0,0,0.0,
2026-04-07 07:43:01,"Upper Two",36m,"Seated Row (Machine)",2,60.0,10.0,0,0.0,
2026-04-07 07:43:01,"Upper Two",36m,"Seated Row (Machine)",3,60.0,10.0,0,0.0,
2026-04-07 07:43:01,"Upper Two",36m,"Triceps Extension (Cable)",1,47.0,13.0,0,0.0,
2026-04-07 07:43:01,"Upper Two",36m,"Triceps Extension (Cable)",2,53.0,8.0,0,0.0,
2026-04-07 07:43:01,"Upper Two",36m,"Triceps Extension (Cable)",3,53.0,6.0,0,0.0,
2026-04-07 07:43:01,"Upper Two",36m,"Bicep Curl (Cable)",1,60.0,8.0,0,0.0,
2026-04-07 07:43:01,"Upper Two",36m,"Bicep Curl (Cable)",2,60.0,7.0,0,0.0,
2026-04-07 07:43:01,"Upper Two",36m,"Bicep Curl (Cable)",3,60.0,6.0,0,0.0,
2026-04-07 07:43:01,"Upper Two",36m,"Triceps Pushdown (Cable - Straight Bar)",1,60.0,10.0,0,0.0,
2026-04-07 07:43:01,"Upper Two",36m,"Triceps Pushdown (Cable - Straight Bar)",2,60.0,7.0,0,0.0,
2026-04-07 07:43:01,"Upper Two",36m,"Triceps Pushdown (Cable - Straight Bar)",3,60.0,7.0,0,0.0,
2026-04-09 07:35:46,"Lower",39m,"Squat (Barbell)",1,0.0,0.0,0,0.0,
2026-04-09 07:35:46,"Lower",39m,"Squat (Barbell)",2,0.0,0.0,0,0.0,
2026-04-09 07:35:46,"Lower",39m,"Squat (Barbell)",3,0.0,0.0,0,0.0,
2026-04-09 07:35:46,"Lower",39m,"Seated Leg Curl (Machine)",1,0.0,0.0,0,0.0,
2026-04-09 07:35:46,"Lower",39m,"Seated Leg Curl (Machine)",2,0.0,0.0,0,0.0,
2026-04-09 07:35:46,"Lower",39m,"Seated Leg Curl (Machine)",3,0.0,0.0,0,0.0,
2026-04-09 07:35:46,"Lower",39m,"RFE Squat",1,50.0,10.0,0,0.0,
2026-04-09 07:35:46,"Lower",39m,"RFE Squat",2,50.0,8.0,0,0.0,
2026-04-09 07:35:46,"Lower",39m,"RFE Squat",3,50.0,7.0,0,0.0,
2026-04-09 07:35:46,"Lower",39m,"Romanian Deadlift (Dumbbell)",1,50.0,10.0,0,0.0,
2026-04-09 07:35:46,"Lower",39m,"Romanian Deadlift (Dumbbell)",2,50.0,8.0,0,0.0,
2026-04-09 07:35:46,"Lower",39m,"Romanian Deadlift (Dumbbell)",3,50.0,7.0,0,0.0,
2026-04-09 07:35:46,"Lower",39m,"Leg Extension (Machine)",1,240.0,11.0,0,0.0,
2026-04-09 07:35:46,"Lower",39m,"Leg Extension (Machine)",2,240.0,10.0,0,0.0,
2026-04-09 07:35:46,"Lower",39m,"Leg Extension (Machine)",3,240.0,9.0,0,0.0,
2026-04-09 07:35:46,"Lower",39m,"Standing Calf Raise (Smith Machine)",1,0.0,0.0,0,0.0,
2026-04-09 07:35:46,"Lower",39m,"Standing Calf Raise (Smith Machine)",2,0.0,0.0,0,0.0,
2026-04-09 07:35:46,"Lower",39m,"Standing Calf Raise (Smith Machine)",3,0.0,0.0,0,0.0,
2026-04-09 07:35:46,"Lower",39m,"Cable Crunch",1,70.0,12.0,0,0.0,
2026-04-09 07:35:46,"Lower",39m,"Cable Crunch",2,70.0,8.0,0,0.0,
2026-04-11 10:48:27,"Upper One",46m,"Bench Press (Barbell)",1,205.0,9.0,0,0.0,
2026-04-11 10:48:27,"Upper One",46m,"Bench Press (Barbell)",2,215.0,6.0,0,0.0,
2026-04-11 10:48:27,"Upper One",46m,"Bench Press (Barbell)",3,215.0,7.0,0,0.0,
2026-04-11 10:48:27,"Upper One",46m,"Shoulder Press (Machine)",1,80.0,8.0,0,0.0,
2026-04-11 10:48:27,"Upper One",46m,"Shoulder Press (Machine)",2,80.0,7.0,0,0.0,
2026-04-11 10:48:27,"Upper One",46m,"Shoulder Press (Machine)",3,80.0,5.0,0,0.0,
2026-04-11 10:48:27,"Upper One",46m,"Seated Row (Cable)",1,170.0,10.0,0,0.0,
2026-04-11 10:48:27,"Upper One",46m,"Seated Row (Cable)",2,170.0,9.0,0,0.0,
2026-04-11 10:48:27,"Upper One",46m,"Seated Row (Cable)",3,170.0,7.0,0,0.0,
2026-04-11 10:48:27,"Upper One",46m,"Pull Up (Assisted)",1,40.0,8.0,0,0.0,
2026-04-11 10:48:27,"Upper One",46m,"Pull Up (Assisted)",2,40.0,8.0,0,0.0,
2026-04-11 10:48:27,"Upper One",46m,"Pull Up (Assisted)",3,40.0,6.0,0,0.0,
2026-04-11 10:48:27,"Upper One",46m,"Triceps Dip (Assisted)",1,0.0,6.0,0,0.0,
2026-04-11 10:48:27,"Upper One",46m,"Triceps Dip (Assisted)",2,0.0,5.0,0,0.0,
2026-04-11 10:48:27,"Upper One",46m,"Triceps Dip (Assisted)",3,40.0,8.0,0,0.0,
2026-04-11 10:48:27,"Upper One",46m,"Lateral Raise (Cable)",1,13.0,12.0,0,0.0,
2026-04-11 10:48:27,"Upper One",46m,"Lateral Raise (Cable)",2,13.0,10.0,0,0.0,
2026-04-11 10:48:27,"Upper One",46m,"Lateral Raise (Cable)",3,13.0,9.0,0,0.0,
2026-04-11 10:48:27,"Upper One",46m,"Bicep Curl (Cable)",1,40.0,12.0,0,0.0,
2026-04-11 10:48:27,"Upper One",46m,"Bicep Curl (Cable)",2,50.0,8.0,0,0.0,
2026-04-11 10:48:27,"Upper One",46m,"Bicep Curl (Cable)",3,50.0,8.0,0,0.0,
2026-04-13 08:02:41,"Lower",28m,"Squat (Barbell)",1,235.0,7.0,0,0.0,
2026-04-13 08:02:41,"Lower",28m,"Squat (Barbell)",2,235.0,6.0,0,0.0,
2026-04-13 08:02:41,"Lower",28m,"Squat (Barbell)",3,225.0,5.0,0,0.0,
2026-04-13 08:02:41,"Lower",28m,"Seated Leg Curl (Machine)",1,198.0,9.0,0,0.0,
2026-04-13 08:02:41,"Lower",28m,"Seated Leg Curl (Machine)",2,198.0,7.0,0,0.0,
2026-04-13 08:02:41,"Lower",28m,"Seated Leg Curl (Machine)",3,187.0,7.0,0,0.0,
2026-04-13 08:02:41,"Lower",28m,"RFE Squat",1,0.0,0.0,0,0.0,
2026-04-13 08:02:41,"Lower",28m,"RFE Squat",2,0.0,0.0,0,0.0,
2026-04-13 08:02:41,"Lower",28m,"RFE Squat",3,0.0,0.0,0,0.0,
2026-04-13 08:02:41,"Lower",28m,"Romanian Deadlift (Dumbbell)",1,0.0,0.0,0,0.0,
2026-04-13 08:02:41,"Lower",28m,"Romanian Deadlift (Dumbbell)",2,0.0,0.0,0,0.0,
2026-04-13 08:02:41,"Lower",28m,"Romanian Deadlift (Dumbbell)",3,0.0,0.0,0,0.0,
2026-04-13 08:02:41,"Lower",28m,"Leg Extension (Machine)",1,240.0,11.0,0,0.0,
2026-04-13 08:02:41,"Lower",28m,"Leg Extension (Machine)",2,240.0,9.0,0,0.0,
2026-04-13 08:02:41,"Lower",28m,"Leg Extension (Machine)",3,240.0,9.0,0,0.0,
2026-04-13 08:02:41,"Lower",28m,"Standing Calf Raise (Smith Machine)",1,225.0,14.0,0,0.0,
2026-04-13 08:02:41,"Lower",28m,"Standing Calf Raise (Smith Machine)",2,225.0,12.0,0,0.0,
2026-04-13 08:02:41,"Lower",28m,"Standing Calf Raise (Smith Machine)",3,225.0,12.0,0,0.0,
2026-04-13 08:02:41,"Lower",28m,"Cable Crunch",1,0.0,0.0,0,0.0,
2026-04-13 08:02:41,"Lower",28m,"Cable Crunch",2,0.0,0.0,0,0.0,
2026-04-14 07:43:22,"Upper Two",41m,"Lat Pulldown (Cable)",1,165.0,10.0,0,0.0,
2026-04-14 07:43:22,"Upper Two",41m,"Lat Pulldown (Cable)",2,165.0,9.0,0,0.0,
2026-04-14 07:43:22,"Upper Two",41m,"Lat Pulldown (Cable)",3,165.0,7.0,0,0.0,
2026-04-14 07:43:22,"Upper Two",41m,"Incline Bench Press (Dumbbell)",1,70.0,12.0,0,0.0,
2026-04-14 07:43:22,"Upper Two",41m,"Incline Bench Press (Dumbbell)",2,70.0,10.0,0,0.0,
2026-04-14 07:43:22,"Upper Two",41m,"Incline Bench Press (Dumbbell)",3,70.0,8.0,0,0.0,
2026-04-14 07:43:22,"Upper Two",41m,"Incline Curl (Dumbbell)",1,30.0,9.0,0,0.0,
2026-04-14 07:43:22,"Upper Two",41m,"Incline Curl (Dumbbell)",2,30.0,7.0,0,0.0,
2026-04-14 07:43:22,"Upper Two",41m,"Incline Curl (Dumbbell)",3,30.0,7.0,0,0.0,
2026-04-14 07:43:22,"Upper Two",41m,"Lateral Raise (Dumbbell)",1,15.0,11.0,0,0.0,
2026-04-14 07:43:22,"Upper Two",41m,"Lateral Raise (Dumbbell)",2,15.0,10.0,0,0.0,
2026-04-14 07:43:22,"Upper Two",41m,"Lateral Raise (Dumbbell)",3,15.0,9.0,0,0.0,
2026-04-14 07:43:22,"Upper Two",41m,"Seated Row (Machine)",1,63.0,12.0,0,0.0,
2026-04-14 07:43:22,"Upper Two",41m,"Seated Row (Machine)",2,63.0,11.0,0,0.0,
2026-04-14 07:43:22,"Upper Two",41m,"Seated Row (Machine)",3,63.0,10.0,0,0.0,
2026-04-14 07:43:22,"Upper Two",41m,"Triceps Extension (Cable)",1,53.0,10.0,0,0.0,
2026-04-14 07:43:22,"Upper Two",41m,"Triceps Extension (Cable)",2,53.0,7.0,0,0.0,
2026-04-14 07:43:22,"Upper Two",41m,"Triceps Extension (Cable)",3,53.0,6.0,0,0.0,
2026-04-14 07:43:22,"Upper Two",41m,"Bicep Curl (Cable)",1,53.0,11.0,0,0.0,
2026-04-14 07:43:22,"Upper Two",41m,"Bicep Curl (Cable)",2,53.0,9.0,0,0.0,
2026-04-14 07:43:22,"Upper Two",41m,"Bicep Curl (Cable)",3,53.0,8.0,0,0.0,
2026-04-14 07:43:22,"Upper Two",41m,"Triceps Pushdown (Cable - Straight Bar)",1,60.0,10.0,0,0.0,
2026-04-14 07:43:22,"Upper Two",41m,"Triceps Pushdown (Cable - Straight Bar)",2,60.0,7.0,0,0.0,
2026-04-14 07:43:22,"Upper Two",41m,"Triceps Pushdown (Cable - Straight Bar)",3,60.0,7.0,0,0.0,
2026-04-16 05:51:02,"Lower",30m,"Squat (Barbell)",1,0.0,0.0,0,0.0,
2026-04-16 05:51:02,"Lower",30m,"Squat (Barbell)",2,0.0,0.0,0,0.0,
2026-04-16 05:51:02,"Lower",30m,"Squat (Barbell)",3,0.0,0.0,0,0.0,
2026-04-16 05:51:02,"Lower",30m,"Seated Leg Curl (Machine)",1,0.0,0.0,0,0.0,
2026-04-16 05:51:02,"Lower",30m,"Seated Leg Curl (Machine)",2,0.0,0.0,0,0.0,
2026-04-16 05:51:02,"Lower",30m,"Seated Leg Curl (Machine)",3,0.0,0.0,0,0.0,
2026-04-16 05:51:02,"Lower",30m,"RFE Squat",1,50.0,10.0,0,0.0,
2026-04-16 05:51:02,"Lower",30m,"RFE Squat",2,50.0,9.0,0,0.0,
2026-04-16 05:51:02,"Lower",30m,"RFE Squat",3,50.0,7.0,0,0.0,
2026-04-16 05:51:02,"Lower",30m,"Romanian Deadlift (Dumbbell)",1,50.0,10.0,0,0.0,
2026-04-16 05:51:02,"Lower",30m,"Romanian Deadlift (Dumbbell)",2,50.0,9.0,0,0.0,
2026-04-16 05:51:02,"Lower",30m,"Romanian Deadlift (Dumbbell)",3,50.0,9.0,0,0.0,
2026-04-16 05:51:02,"Lower",30m,"Leg Extension (Machine)",1,240.0,12.0,0,0.0,
2026-04-16 05:51:02,"Lower",30m,"Leg Extension (Machine)",2,240.0,10.0,0,0.0,
2026-04-16 05:51:02,"Lower",30m,"Leg Extension (Machine)",3,240.0,9.0,0,0.0,
2026-04-16 05:51:02,"Lower",30m,"Standing Calf Raise (Smith Machine)",1,225.0,14.0,0,0.0,
2026-04-16 05:51:02,"Lower",30m,"Standing Calf Raise (Smith Machine)",2,225.0,12.0,0,0.0,
2026-04-16 05:51:02,"Lower",30m,"Standing Calf Raise (Smith Machine)",3,225.0,12.0,0,0.0,
2026-04-16 05:51:02,"Lower",30m,"Cable Crunch",1,0.0,0.0,0,0.0,
2026-04-16 05:51:02,"Lower",30m,"Cable Crunch",2,0.0,0.0,0,0.0,
2026-04-19 09:41:32,"Upper One",1h 1m,"Bench Press (Barbell)",1,215.0,7.0,0,0.0,
2026-04-19 09:41:32,"Upper One",1h 1m,"Bench Press (Barbell)",2,215.0,6.0,0,0.0,
2026-04-19 09:41:32,"Upper One",1h 1m,"Bench Press (Barbell)",3,205.0,6.0,0,0.0,
2026-04-19 09:41:32,"Upper One",1h 1m,"Seated Row (Cable)",1,170.0,11.0,0,0.0,
2026-04-19 09:41:32,"Upper One",1h 1m,"Seated Row (Cable)",2,170.0,9.0,0,0.0,
2026-04-19 09:41:32,"Upper One",1h 1m,"Seated Row (Cable)",3,165.0,8.0,0,0.0,
2026-04-19 09:41:32,"Upper One",1h 1m,"Shoulder Press (Machine)",1,80.0,11.0,0,0.0,
2026-04-19 09:41:32,"Upper One",1h 1m,"Shoulder Press (Machine)",2,80.0,9.0,0,0.0,
2026-04-19 09:41:32,"Upper One",1h 1m,"Shoulder Press (Machine)",3,80.0,7.0,0,0.0,
2026-04-19 09:41:32,"Upper One",1h 1m,"Pull Up (Assisted)",1,40.0,9.0,0,0.0,
2026-04-19 09:41:32,"Upper One",1h 1m,"Pull Up (Assisted)",2,40.0,7.0,0,0.0,
2026-04-19 09:41:32,"Upper One",1h 1m,"Pull Up (Assisted)",3,40.0,5.0,0,0.0,
2026-04-19 09:41:32,"Upper One",1h 1m,"Triceps Dip (Assisted)",1,0.0,6.0,0,0.0,
2026-04-19 09:41:32,"Upper One",1h 1m,"Triceps Dip (Assisted)",2,0.0,5.0,0,0.0,
2026-04-19 09:41:32,"Upper One",1h 1m,"Triceps Dip (Assisted)",3,40.0,4.0,0,0.0,
2026-04-19 09:41:32,"Upper One",1h 1m,"Lateral Raise (Cable)",1,13.0,11.0,0,0.0,
2026-04-19 09:41:32,"Upper One",1h 1m,"Lateral Raise (Cable)",2,13.0,9.0,0,0.0,
2026-04-19 09:41:32,"Upper One",1h 1m,"Lateral Raise (Cable)",3,13.0,8.0,0,0.0,
2026-04-19 09:41:32,"Upper One",1h 1m,"Bicep Curl (Cable)",1,50.0,10.0,0,0.0,
2026-04-19 09:41:32,"Upper One",1h 1m,"Bicep Curl (Cable)",2,50.0,8.0,0,0.0,
2026-04-19 09:41:32,"Upper One",1h 1m,"Bicep Curl (Cable)",3,50.0,7.0,0,0.0,
2026-04-20 07:41:45,"Lower",43m,"Squat (Barbell)",1,245.0,6.0,0,0.0,
2026-04-20 07:41:45,"Lower",43m,"Squat (Barbell)",2,245.0,4.0,0,0.0,
2026-04-20 07:41:45,"Lower",43m,"Squat (Barbell)",3,225.0,8.0,0,0.0,
2026-04-20 07:41:45,"Lower",43m,"Seated Leg Curl (Machine)",1,198.0,10.0,0,0.0,
2026-04-20 07:41:45,"Lower",43m,"Seated Leg Curl (Machine)",2,198.0,8.0,0,0.0,
2026-04-20 07:41:45,"Lower",43m,"Seated Leg Curl (Machine)",3,198.0,0.0,0,0.0,
2026-04-20 07:41:45,"Lower",43m,"RFE Squat",1,0.0,0.0,0,0.0,
2026-04-20 07:41:45,"Lower",43m,"RFE Squat",2,0.0,0.0,0,0.0,
2026-04-20 07:41:45,"Lower",43m,"RFE Squat",3,0.0,0.0,0,0.0,
2026-04-20 07:41:45,"Lower",43m,"Romanian Deadlift (Dumbbell)",1,0.0,0.0,0,0.0,
2026-04-20 07:41:45,"Lower",43m,"Romanian Deadlift (Dumbbell)",2,0.0,0.0,0,0.0,
2026-04-20 07:41:45,"Lower",43m,"Romanian Deadlift (Dumbbell)",3,0.0,0.0,0,0.0,
2026-04-20 07:41:45,"Lower",43m,"Leg Extension (Machine)",1,240.0,12.0,0,0.0,
2026-04-20 07:41:45,"Lower",43m,"Leg Extension (Machine)",2,240.0,11.0,0,0.0,
2026-04-20 07:41:45,"Lower",43m,"Leg Extension (Machine)",3,240.0,10.0,0,0.0,
2026-04-20 07:41:45,"Lower",43m,"Standing Calf Raise (Smith Machine)",1,0.0,0.0,0,0.0,
2026-04-20 07:41:45,"Lower",43m,"Standing Calf Raise (Smith Machine)",2,0.0,0.0,0,0.0,
2026-04-20 07:41:45,"Lower",43m,"Standing Calf Raise (Smith Machine)",3,0.0,0.0,0,0.0,
2026-04-20 07:41:45,"Lower",43m,"Cable Crunch",1,82.5,10.0,0,0.0,
2026-04-20 07:41:45,"Lower",43m,"Cable Crunch",2,82.5,10.0,0,0.0,
2026-04-21 07:41:25,"Upper Two",44m,"Lat Pulldown (Cable)",1,170.0,10.0,0,0.0,
2026-04-21 07:41:25,"Upper Two",44m,"Lat Pulldown (Cable)",2,165.0,7.0,0,0.0,
2026-04-21 07:41:25,"Upper Two",44m,"Lat Pulldown (Cable)",3,165.0,6.0,0,0.0,
2026-04-21 07:41:25,"Upper Two",44m,"Incline Bench Press (Dumbbell)",1,75.0,10.0,0,0.0,
2026-04-21 07:41:25,"Upper Two",44m,"Incline Bench Press (Dumbbell)",2,75.0,8.0,0,0.0,
2026-04-21 07:41:25,"Upper Two",44m,"Incline Bench Press (Dumbbell)",3,75.0,6.0,0,0.0,
2026-04-21 07:41:25,"Upper Two",44m,"Incline Curl (Dumbbell)",1,30.0,10.0,0,0.0,
2026-04-21 07:41:25,"Upper Two",44m,"Incline Curl (Dumbbell)",2,30.0,8.0,0,0.0,
2026-04-21 07:41:25,"Upper Two",44m,"Incline Curl (Dumbbell)",3,30.0,7.0,0,0.0,
2026-04-21 07:41:25,"Upper Two",44m,"Lateral Raise (Dumbbell)",1,15.0,11.0,0,0.0,
2026-04-21 07:41:25,"Upper Two",44m,"Lateral Raise (Dumbbell)",2,15.0,10.0,0,0.0,
2026-04-21 07:41:25,"Upper Two",44m,"Lateral Raise (Dumbbell)",3,15.0,10.0,0,0.0,
2026-04-21 07:41:25,"Upper Two",44m,"Seated Row (Machine)",1,63.0,14.0,0,0.0,
2026-04-21 07:41:25,"Upper Two",44m,"Seated Row (Machine)",2,63.0,12.0,0,0.0,
2026-04-21 07:41:25,"Upper Two",44m,"Seated Row (Machine)",3,63.0,10.0,0,0.0,
2026-04-21 07:41:25,"Upper Two",44m,"Triceps Extension (Cable)",1,53.0,11.0,0,0.0,
2026-04-21 07:41:25,"Upper Two",44m,"Triceps Extension (Cable)",2,53.0,8.0,0,0.0,
2026-04-21 07:41:25,"Upper Two",44m,"Triceps Extension (Cable)",3,50.0,8.0,0,0.0,
2026-04-21 07:41:25,"Upper Two",44m,"Bicep Curl (Cable)",1,50.0,12.0,0,0.0,
2026-04-21 07:41:25,"Upper Two",44m,"Bicep Curl (Cable)",2,50.0,9.0,0,0.0,
2026-04-21 07:41:25,"Upper Two",44m,"Bicep Curl (Cable)",3,50.0,8.0,0,0.0,
2026-04-21 07:41:25,"Upper Two",44m,"Triceps Pushdown (Cable - Straight Bar)",1,60.0,11.0,0,0.0,
2026-04-21 07:41:25,"Upper Two",44m,"Triceps Pushdown (Cable - Straight Bar)",2,60.0,9.0,0,0.0,
2026-04-21 07:41:25,"Upper Two",44m,"Triceps Pushdown (Cable - Straight Bar)",3,60.0,8.0,0,0.0,
2026-04-23 07:50:29,"Lower",48h 19m,"Squat (Barbell)",1,0.0,0.0,0,0.0,
2026-04-23 07:50:29,"Lower",48h 19m,"Squat (Barbell)",2,0.0,0.0,0,0.0,
2026-04-23 07:50:29,"Lower",48h 19m,"Squat (Barbell)",3,0.0,0.0,0,0.0,
2026-04-23 07:50:29,"Lower",48h 19m,"Seated Leg Curl (Machine)",1,0.0,0.0,0,0.0,
2026-04-23 07:50:29,"Lower",48h 19m,"Seated Leg Curl (Machine)",2,0.0,0.0,0,0.0,
2026-04-23 07:50:29,"Lower",48h 19m,"Seated Leg Curl (Machine)",3,0.0,0.0,0,0.0,
2026-04-23 07:50:29,"Lower",48h 19m,"RFE Squat",1,50.0,10.0,0,0.0,
2026-04-23 07:50:29,"Lower",48h 19m,"RFE Squat",2,50.0,7.0,0,0.0,
2026-04-23 07:50:29,"Lower",48h 19m,"RFE Squat",3,50.0,8.0,0,0.0,
2026-04-23 07:50:29,"Lower",48h 19m,"Romanian Deadlift (Dumbbell)",1,50.0,10.0,0,0.0,
2026-04-23 07:50:29,"Lower",48h 19m,"Romanian Deadlift (Dumbbell)",2,50.0,8.0,0,0.0,
2026-04-23 07:50:29,"Lower",48h 19m,"Romanian Deadlift (Dumbbell)",3,50.0,7.0,0,0.0,
2026-04-23 07:50:29,"Lower",48h 19m,"Leg Extension (Machine)",1,240.0,11.0,0,0.0,
2026-04-23 07:50:29,"Lower",48h 19m,"Leg Extension (Machine)",2,240.0,9.0,0,0.0,
2026-04-23 07:50:29,"Lower",48h 19m,"Leg Extension (Machine)",3,240.0,8.0,0,0.0,
2026-04-23 07:50:29,"Lower",48h 19m,"Standing Calf Raise (Smith Machine)",1,225.0,12.0,0,0.0,
2026-04-23 07:50:29,"Lower",48h 19m,"Standing Calf Raise (Smith Machine)",2,225.0,13.0,0,0.0,
2026-04-23 07:50:29,"Lower",48h 19m,"Standing Calf Raise (Smith Machine)",3,225.0,12.0,0,0.0,
2026-04-23 07:50:29,"Lower",48h 19m,"Cable Crunch",1,0.0,0.0,0,0.0,
2026-04-23 07:50:29,"Lower",48h 19m,"Cable Crunch",2,0.0,0.0,0,0.0,
2026-04-25 10:04:44,"Upper One",59m,"Bench Press (Barbell)",1,205.0,8.0,0,0.0,
2026-04-25 10:04:44,"Upper One",59m,"Bench Press (Barbell)",2,205.0,7.0,0,0.0,
2026-04-25 10:04:44,"Upper One",59m,"Bench Press (Barbell)",3,205.0,5.0,0,0.0,
2026-04-25 10:04:44,"Upper One",59m,"Seated Row (Cable)",1,175.0,10.0,0,0.0,
2026-04-25 10:04:44,"Upper One",59m,"Seated Row (Cable)",2,170.0,9.0,0,0.0,
2026-04-25 10:04:44,"Upper One",59m,"Seated Row (Cable)",3,170.0,8.0,0,0.0,
2026-04-25 10:04:44,"Upper One",59m,"Shoulder Press (Machine)",1,90.0,8.0,0,0.0,
2026-04-25 10:04:44,"Upper One",59m,"Shoulder Press (Machine)",2,90.0,7.0,0,0.0,
2026-04-25 10:04:44,"Upper One",59m,"Shoulder Press (Machine)",3,90.0,7.0,0,0.0,
2026-04-25 10:04:44,"Upper One",59m,"Pull Up (Assisted)",1,40.0,10.0,0,0.0,
2026-04-25 10:04:44,"Upper One",59m,"Pull Up (Assisted)",2,40.0,8.0,0,0.0,
2026-04-25 10:04:44,"Upper One",59m,"Pull Up (Assisted)",3,40.0,7.0,0,0.0,
2026-04-25 10:04:44,"Upper One",59m,"Triceps Dip (Assisted)",1,0.0,5.0,0,0.0,
2026-04-25 10:04:44,"Upper One",59m,"Triceps Dip (Assisted)",2,0.0,5.0,0,0.0,
2026-04-25 10:04:44,"Upper One",59m,"Triceps Dip (Assisted)",3,0.0,5.0,0,0.0,
2026-04-25 10:04:44,"Upper One",59m,"Triceps Dip (Assisted)",4,0.0,5.0,0,0.0,
2026-04-25 10:04:44,"Upper One",59m,"Triceps Dip (Assisted)",5,0.0,5.0,0,0.0,
2026-04-25 10:04:44,"Upper One",59m,"Lateral Raise (Cable)",1,13.0,10.0,0,0.0,
2026-04-25 10:04:44,"Upper One",59m,"Lateral Raise (Cable)",2,13.0,10.0,0,0.0,
2026-04-25 10:04:44,"Upper One",59m,"Lateral Raise (Cable)",3,13.0,10.0,0,0.0,
2026-04-25 10:04:44,"Upper One",59m,"Bicep Curl (Cable)",1,50.0,10.0,0,0.0,
2026-04-25 10:04:44,"Upper One",59m,"Bicep Curl (Cable)",2,50.0,9.0,0,0.0,
2026-04-25 10:04:44,"Upper One",59m,"Bicep Curl (Cable)",3,45.0,10.0,0,0.0,
2026-04-25 10:04:44,"Upper One",59m,"Bicep Curl (Cable)",4,45.0,7.0,0,0.0,
2026-04-26 09:14:32,"Lower",47m,"Squat (Barbell)",1,245.0,7.0,0,0.0,
2026-04-26 09:14:32,"Lower",47m,"Squat (Barbell)",2,245.0,5.0,0,0.0,
2026-04-26 09:14:32,"Lower",47m,"Squat (Barbell)",3,245.0,6.0,0,0.0,
2026-04-26 09:14:32,"Lower",47m,"Seated Leg Curl (Machine)",1,198.0,8.0,0,0.0,
2026-04-26 09:14:32,"Lower",47m,"Seated Leg Curl (Machine)",2,198.0,8.0,0,0.0,
2026-04-26 09:14:32,"Lower",47m,"Seated Leg Curl (Machine)",3,198.0,7.0,0,0.0,
2026-04-26 09:14:32,"Lower",47m,"RFE Squat",1,0.0,0.0,0,0.0,
2026-04-26 09:14:32,"Lower",47m,"RFE Squat",2,0.0,0.0,0,0.0,
2026-04-26 09:14:32,"Lower",47m,"RFE Squat",3,0.0,0.0,0,0.0,
2026-04-26 09:14:32,"Lower",47m,"Romanian Deadlift (Dumbbell)",1,0.0,0.0,0,0.0,
2026-04-26 09:14:32,"Lower",47m,"Romanian Deadlift (Dumbbell)",2,0.0,0.0,0,0.0,
2026-04-26 09:14:32,"Lower",47m,"Romanian Deadlift (Dumbbell)",3,0.0,0.0,0,0.0,
2026-04-26 09:14:32,"Lower",47m,"Leg Extension (Machine)",1,240.0,10.0,0,0.0,
2026-04-26 09:14:32,"Lower",47m,"Leg Extension (Machine)",2,240.0,9.0,0,0.0,
2026-04-26 09:14:32,"Lower",47m,"Leg Extension (Machine)",3,240.0,8.0,0,0.0,
2026-04-26 09:14:32,"Lower",47m,"Standing Calf Raise (Smith Machine)",1,0.0,0.0,0,0.0,
2026-04-26 09:14:32,"Lower",47m,"Standing Calf Raise (Smith Machine)",2,0.0,0.0,0,0.0,
2026-04-26 09:14:32,"Lower",47m,"Standing Calf Raise (Smith Machine)",3,0.0,0.0,0,0.0,
2026-04-26 09:14:32,"Lower",47m,"Cable Crunch",1,98.5,9.0,0,0.0,
2026-04-26 09:14:32,"Lower",47m,"Cable Crunch",2,88.0,9.0,0,0.0,
2026-04-26 09:14:32,"Lower",47m,"Cable Crunch",3,88.0,7.0,0,0.0,
2026-04-27 07:41:56,"Upper Two",48m,"Lat Pulldown (Cable)",1,165.0,9.0,0,0.0,
2026-04-27 07:41:56,"Upper Two",48m,"Lat Pulldown (Cable)",2,165.0,8.0,0,0.0,
2026-04-27 07:41:56,"Upper Two",48m,"Lat Pulldown (Cable)",3,165.0,7.0,0,0.0,
2026-04-27 07:41:56,"Upper Two",48m,"Lat Pulldown (Cable)",D,143.0,5.0,0,0.0,
2026-04-27 07:41:56,"Upper Two",48m,"Incline Bench Press (Dumbbell)",1,75.0,10.0,0,0.0,
2026-04-27 07:41:56,"Upper Two",48m,"Incline Bench Press (Dumbbell)",2,75.0,8.0,0,0.0,
2026-04-27 07:41:56,"Upper Two",48m,"Incline Bench Press (Dumbbell)",3,75.0,8.0,0,0.0,
2026-04-27 07:41:56,"Upper Two",48m,"Incline Curl (Dumbbell)",1,30.0,9.0,0,0.0,
2026-04-27 07:41:56,"Upper Two",48m,"Incline Curl (Dumbbell)",2,30.0,8.0,0,0.0,
2026-04-27 07:41:56,"Upper Two",48m,"Incline Curl (Dumbbell)",3,30.0,6.0,0,0.0,
2026-04-27 07:41:56,"Upper Two",48m,"Lateral Raise (Dumbbell)",1,15.0,12.0,0,0.0,
2026-04-27 07:41:56,"Upper Two",48m,"Lateral Raise (Dumbbell)",2,15.0,12.0,0,0.0,
2026-04-27 07:41:56,"Upper Two",48m,"Lateral Raise (Dumbbell)",3,15.0,10.0,0,0.0,
2026-04-27 07:41:56,"Upper Two",48m,"Seated Row (Machine)",1,67.0,12.0,0,0.0,
2026-04-27 07:41:56,"Upper Two",48m,"Seated Row (Machine)",2,67.0,11.0,0,0.0,
2026-04-27 07:41:56,"Upper Two",48m,"Seated Row (Machine)",3,67.0,11.0,0,0.0,
2026-04-27 07:41:56,"Upper Two",48m,"Triceps Extension (Cable)",1,53.0,10.0,0,0.0,
2026-04-27 07:41:56,"Upper Two",48m,"Triceps Extension (Cable)",2,53.0,8.0,0,0.0,
2026-04-27 07:41:56,"Upper Two",48m,"Triceps Extension (Cable)",3,53.0,7.0,0,0.0,
2026-04-27 07:41:56,"Upper Two",48m,"Triceps Extension (Cable)",D,47.0,5.0,0,0.0,
2026-04-27 07:41:56,"Upper Two",48m,"Bicep Curl (Cable)",1,50.0,11.0,0,0.0,
2026-04-27 07:41:56,"Upper Two",48m,"Bicep Curl (Cable)",2,50.0,9.0,0,0.0,
2026-04-27 07:41:56,"Upper Two",48m,"Bicep Curl (Cable)",3,50.0,8.0,0,0.0,
2026-04-27 07:41:56,"Upper Two",48m,"Triceps Pushdown (Cable - Straight Bar)",1,60.0,11.0,0,0.0,
2026-04-27 07:41:56,"Upper Two",48m,"Triceps Pushdown (Cable - Straight Bar)",2,60.0,9.0,0,0.0,
2026-04-27 07:41:56,"Upper Two",48m,"Triceps Pushdown (Cable - Straight Bar)",3,60.0,8.0,0,0.0,
2026-04-28 07:40:01,"Lower",42m,"Squat (Barbell)",1,0.0,0.0,0,0.0,
2026-04-28 07:40:01,"Lower",42m,"Squat (Barbell)",2,0.0,0.0,0,0.0,
2026-04-28 07:40:01,"Lower",42m,"Squat (Barbell)",3,0.0,0.0,0,0.0,
2026-04-28 07:40:01,"Lower",42m,"Seated Leg Curl (Machine)",1,0.0,0.0,0,0.0,
2026-04-28 07:40:01,"Lower",42m,"Seated Leg Curl (Machine)",2,0.0,0.0,0,0.0,
2026-04-28 07:40:01,"Lower",42m,"Seated Leg Curl (Machine)",3,0.0,0.0,0,0.0,
2026-04-28 07:40:01,"Lower",42m,"RFE Squat",1,50.0,10.0,0,0.0,
2026-04-28 07:40:01,"Lower",42m,"RFE Squat",2,50.0,8.0,0,0.0,
2026-04-28 07:40:01,"Lower",42m,"RFE Squat",3,50.0,7.0,0,0.0,
2026-04-28 07:40:01,"Lower",42m,"Romanian Deadlift (Dumbbell)",1,50.0,10.0,0,0.0,
2026-04-28 07:40:01,"Lower",42m,"Romanian Deadlift (Dumbbell)",2,50.0,8.0,0,0.0,
2026-04-28 07:40:01,"Lower",42m,"Romanian Deadlift (Dumbbell)",3,50.0,7.0,0,0.0,
2026-04-28 07:40:01,"Lower",42m,"Leg Extension (Machine)",1,240.0,12.0,0,0.0,
2026-04-28 07:40:01,"Lower",42m,"Leg Extension (Machine)",2,240.0,9.0,0,0.0,
2026-04-28 07:40:01,"Lower",42m,"Leg Extension (Machine)",3,240.0,8.0,0,0.0,
2026-04-28 07:40:01,"Lower",42m,"Leg Extension (Machine)",D,200.0,6.0,0,0.0,
2026-04-28 07:40:01,"Lower",42m,"Standing Calf Raise (Smith Machine)",1,225.0,14.0,0,0.0,
2026-04-28 07:40:01,"Lower",42m,"Standing Calf Raise (Smith Machine)",2,225.0,11.0,0,0.0,
2026-04-28 07:40:01,"Lower",42m,"Standing Calf Raise (Smith Machine)",3,225.0,11.0,0,0.0,
2026-04-28 07:40:01,"Lower",42m,"Cable Crunch",1,0.0,0.0,0,0.0,
2026-04-28 07:40:01,"Lower",42m,"Cable Crunch",2,0.0,0.0,0,0.0,
2026-04-28 07:40:01,"Lower",42m,"Cable Crunch",3,0.0,0.0,0,0.0,
2026-05-03 10:38:58,"Upper Two",47m,"Lat Pulldown (Cable)",1,187.0,6.0,0,0.0,
2026-05-03 10:38:58,"Upper Two",47m,"Lat Pulldown (Cable)",2,158.0,8.0,0,0.0,
2026-05-03 10:38:58,"Upper Two",47m,"Lat Pulldown (Cable)",3,158.0,7.0,0,0.0,
2026-05-03 10:38:58,"Upper Two",47m,"Lat Pulldown (Cable)",D,148.0,6.0,0,0.0,
2026-05-03 10:38:58,"Upper Two",47m,"Incline Bench Press (Dumbbell)",1,75.0,10.0,0,0.0,
2026-05-03 10:38:58,"Upper Two",47m,"Incline Bench Press (Dumbbell)",2,75.0,10.0,0,0.0,
2026-05-03 10:38:58,"Upper Two",47m,"Incline Bench Press (Dumbbell)",3,75.0,8.0,0,0.0,
2026-05-03 10:38:58,"Upper Two",47m,"Incline Curl (Dumbbell)",1,30.0,9.0,0,0.0,
2026-05-03 10:38:58,"Upper Two",47m,"Incline Curl (Dumbbell)",2,30.0,8.0,0,0.0,
2026-05-03 10:38:58,"Upper Two",47m,"Incline Curl (Dumbbell)",3,30.0,7.0,0,0.0,
2026-05-03 10:38:58,"Upper Two",47m,"Lateral Raise (Dumbbell)",1,15.0,12.0,0,0.0,
2026-05-03 10:38:58,"Upper Two",47m,"Lateral Raise (Dumbbell)",2,15.0,11.0,0,0.0,
2026-05-03 10:38:58,"Upper Two",47m,"Lateral Raise (Dumbbell)",3,15.0,10.0,0,0.0,
2026-05-03 10:38:58,"Upper Two",47m,"Seated Row (Machine)",1,70.0,11.0,0,0.0,
2026-05-03 10:38:58,"Upper Two",47m,"Seated Row (Machine)",2,70.0,11.0,0,0.0,
2026-05-03 10:38:58,"Upper Two",47m,"Seated Row (Machine)",3,70.0,9.0,0,0.0,
2026-05-03 10:38:58,"Upper Two",47m,"Triceps Extension (Cable)",1,53.0,10.0,0,0.0,
2026-05-03 10:38:58,"Upper Two",47m,"Triceps Extension (Cable)",2,53.0,7.0,0,0.0,
2026-05-03 10:38:58,"Upper Two",47m,"Triceps Extension (Cable)",3,53.0,6.0,0,0.0,
2026-05-03 10:38:58,"Upper Two",47m,"Triceps Extension (Cable)",D,47.0,6.0,0,0.0,
2026-05-03 10:38:58,"Upper Two",47m,"Bicep Curl (Cable)",1,53.0,9.0,0,0.0,
2026-05-03 10:38:58,"Upper Two",47m,"Bicep Curl (Cable)",2,53.0,8.0,0,0.0,
2026-05-03 10:38:58,"Upper Two",47m,"Bicep Curl (Cable)",3,53.0,8.0,0,0.0,
2026-05-03 10:38:58,"Upper Two",47m,"Triceps Pushdown (Cable - Straight Bar)",1,60.0,9.0,0,0.0,
2026-05-03 10:38:58,"Upper Two",47m,"Triceps Pushdown (Cable - Straight Bar)",2,60.0,8.0,0,0.0,
2026-05-03 10:38:58,"Upper Two",47m,"Triceps Pushdown (Cable - Straight Bar)",3,60.0,7.0,0,0.0,
2026-05-04 07:45:05,"Lower",46m,"Squat (Barbell)",1,245.0,7.0,0,0.0,
2026-05-04 07:45:05,"Lower",46m,"Squat (Barbell)",2,245.0,5.0,0,0.0,
2026-05-04 07:45:05,"Lower",46m,"Squat (Barbell)",3,245.0,5.0,0,0.0,
2026-05-04 07:45:05,"Lower",46m,"Seated Leg Curl (Machine)",1,198.0,9.0,0,0.0,
2026-05-04 07:45:05,"Lower",46m,"Seated Leg Curl (Machine)",2,198.0,7.0,0,0.0,
2026-05-04 07:45:05,"Lower",46m,"Seated Leg Curl (Machine)",3,198.0,6.0,0,0.0,
2026-05-04 07:45:05,"Lower",46m,"RFE Squat",1,0.0,0.0,0,0.0,
2026-05-04 07:45:05,"Lower",46m,"RFE Squat",2,0.0,0.0,0,0.0,
2026-05-04 07:45:05,"Lower",46m,"RFE Squat",3,0.0,0.0,0,0.0,
2026-05-04 07:45:05,"Lower",46m,"Romanian Deadlift (Dumbbell)",1,0.0,0.0,0,0.0,
2026-05-04 07:45:05,"Lower",46m,"Romanian Deadlift (Dumbbell)",2,0.0,0.0,0,0.0,
2026-05-04 07:45:05,"Lower",46m,"Romanian Deadlift (Dumbbell)",3,0.0,0.0,0,0.0,
2026-05-04 07:45:05,"Lower",46m,"Leg Extension (Machine)",1,240.0,10.0,0,0.0,
2026-05-04 07:45:05,"Lower",46m,"Leg Extension (Machine)",2,240.0,9.0,0,0.0,
2026-05-04 07:45:05,"Lower",46m,"Leg Extension (Machine)",3,240.0,8.0,0,0.0,
2026-05-04 07:45:05,"Lower",46m,"Leg Extension (Machine)",D,240.0,4.0,0,0.0,
2026-05-04 07:45:05,"Lower",46m,"Standing Calf Raise (Smith Machine)",1,0.0,0.0,0,0.0,
2026-05-04 07:45:05,"Lower",46m,"Standing Calf Raise (Smith Machine)",2,0.0,0.0,0,0.0,
2026-05-04 07:45:05,"Lower",46m,"Standing Calf Raise (Smith Machine)",3,0.0,0.0,0,0.0,
2026-05-04 07:45:05,"Lower",46m,"Cable Crunch",1,93.5,10.0,0,0.0,
2026-05-04 07:45:05,"Lower",46m,"Cable Crunch",2,93.5,8.0,0,0.0,
2026-05-04 07:45:05,"Lower",46m,"Cable Crunch",3,88.0,8.0,0,0.0,
2026-05-05 07:40:55,"Upper One",55m,"Bench Press (Barbell)",1,205.0,8.0,0,0.0,
2026-05-05 07:40:55,"Upper One",55m,"Bench Press (Barbell)",2,205.0,6.0,0,0.0,
2026-05-05 07:40:55,"Upper One",55m,"Bench Press (Barbell)",3,205.0,6.0,0,0.0,
2026-05-05 07:40:55,"Upper One",55m,"Cable Crossover",1,23.0,7.0,0,0.0,
2026-05-05 07:40:55,"Upper One",55m,"Cable Crossover",2,20.0,7.0,0,0.0,
2026-05-05 07:40:55,"Upper One",55m,"Cable Crossover",3,17.0,7.0,0,0.0,
2026-05-05 07:40:55,"Upper One",55m,"Lateral Raise (Cable)",1,13.0,10.0,0,0.0,
2026-05-05 07:40:55,"Upper One",55m,"Lateral Raise (Cable)",2,13.0,8.0,0,0.0,
2026-05-05 07:40:55,"Upper One",55m,"Lateral Raise (Cable)",3,10.0,10.0,0,0.0,
2026-05-05 07:40:55,"Upper One",55m,"Pull Up (Assisted)",1,40.0,10.0,0,0.0,
2026-05-05 07:40:55,"Upper One",55m,"Pull Up (Assisted)",2,40.0,8.0,0,0.0,
2026-05-05 07:40:55,"Upper One",55m,"Pull Up (Assisted)",3,40.0,7.0,0,0.0,
2026-05-05 07:40:55,"Upper One",55m,"Triceps Dip (Assisted)",1,0.0,6.0,0,0.0,
2026-05-05 07:40:55,"Upper One",55m,"Triceps Dip (Assisted)",2,0.0,6.0,0,0.0,
2026-05-05 07:40:55,"Upper One",55m,"Triceps Dip (Assisted)",3,0.0,5.0,0,0.0,
2026-05-05 07:40:55,"Upper One",55m,"Triceps Dip (Assisted)",4,0.0,5.0,0,0.0,
2026-05-05 07:40:55,"Upper One",55m,"Triceps Dip (Assisted)",5,0.0,4.0,0,0.0,
2026-05-05 07:40:55,"Upper One",55m,"Seated Row (Cable)",1,170.0,11.0,0,0.0,
2026-05-05 07:40:55,"Upper One",55m,"Seated Row (Cable)",2,170.0,8.0,0,0.0,
2026-05-05 07:40:55,"Upper One",55m,"Seated Row (Cable)",3,170.0,7.0,0,0.0,
2026-05-05 07:40:55,"Upper One",55m,"Seated Row (Cable)",D,143.0,5.0,0,0.0,
2026-05-05 07:40:55,"Upper One",55m,"Bicep Curl (Cable)",1,45.0,10.0,0,0.0,
2026-05-05 07:40:55,"Upper One",55m,"Bicep Curl (Cable)",2,45.0,7.0,0,0.0,
2026-05-05 07:40:55,"Upper One",55m,"Bicep Curl (Cable)",3,45.0,7.0,0,0.0,
2026-05-05 07:40:55,"Upper One",55m,"Bicep Curl (Cable)",4,45.0,6.0,0,0.0,
2026-05-05 07:40:55,"Upper One",55m,"Bicep Curl (Cable)",5,45.0,5.0,0,0.0,
2026-05-07 07:44:02,"Lower",10h 53m,"Squat (Barbell)",1,0.0,0.0,0,0.0,
2026-05-07 07:44:02,"Lower",10h 53m,"Squat (Barbell)",2,0.0,0.0,0,0.0,
2026-05-07 07:44:02,"Lower",10h 53m,"Squat (Barbell)",3,0.0,0.0,0,0.0,
2026-05-07 07:44:02,"Lower",10h 53m,"Seated Leg Curl (Machine)",1,0.0,0.0,0,0.0,
2026-05-07 07:44:02,"Lower",10h 53m,"Seated Leg Curl (Machine)",2,0.0,0.0,0,0.0,
2026-05-07 07:44:02,"Lower",10h 53m,"Seated Leg Curl (Machine)",3,0.0,0.0,0,0.0,
2026-05-07 07:44:02,"Lower",10h 53m,"RFE Squat",1,45.0,12.0,0,0.0,
2026-05-07 07:44:02,"Lower",10h 53m,"RFE Squat",2,45.0,10.0,0,0.0,
2026-05-07 07:44:02,"Lower",10h 53m,"RFE Squat",3,45.0,8.0,0,0.0,
2026-05-07 07:44:02,"Lower",10h 53m,"Romanian Deadlift (Dumbbell)",1,45.0,10.0,0,0.0,
2026-05-07 07:44:02,"Lower",10h 53m,"Romanian Deadlift (Dumbbell)",2,45.0,9.0,0,0.0,
2026-05-07 07:44:02,"Lower",10h 53m,"Romanian Deadlift (Dumbbell)",3,45.0,7.0,0,0.0,
2026-05-07 07:44:02,"Lower",10h 53m,"Leg Extension (Machine)",1,240.0,12.0,0,0.0,
2026-05-07 07:44:02,"Lower",10h 53m,"Leg Extension (Machine)",2,240.0,10.0,0,0.0,
2026-05-07 07:44:02,"Lower",10h 53m,"Leg Extension (Machine)",3,240.0,8.0,0,0.0,
2026-05-07 07:44:02,"Lower",10h 53m,"Leg Extension (Machine)",4,240.0,7.0,0,0.0,
2026-05-07 07:44:02,"Lower",10h 53m,"Leg Extension (Machine)",D,220.0,5.0,0,0.0,
2026-05-07 07:44:02,"Lower",10h 53m,"Standing Calf Raise (Smith Machine)",1,225.0,15.0,0,0.0,
2026-05-07 07:44:02,"Lower",10h 53m,"Standing Calf Raise (Smith Machine)",2,225.0,12.0,0,0.0,
2026-05-07 07:44:02,"Lower",10h 53m,"Standing Calf Raise (Smith Machine)",3,225.0,11.0,0,0.0,
2026-05-07 07:44:02,"Lower",10h 53m,"Cable Crunch",1,0.0,0.0,0,0.0,
2026-05-07 07:44:02,"Lower",10h 53m,"Cable Crunch",2,0.0,0.0,0,0.0,
2026-05-07 07:44:02,"Lower",10h 53m,"Cable Crunch",3,0.0,0.0,0,0.0,
2026-05-10 10:36:20,"Upper Two",55m,"Lat Pulldown (Cable)",1,170.0,9.0,0,0.0,
2026-05-10 10:36:20,"Upper Two",55m,"Lat Pulldown (Cable)",2,170.0,7.0,0,0.0,
2026-05-10 10:36:20,"Upper Two",55m,"Lat Pulldown (Cable)",3,165.0,7.0,0,0.0,
2026-05-10 10:36:20,"Upper Two",55m,"Lat Pulldown (Cable)",D,143.0,6.0,0,0.0,
2026-05-10 10:36:20,"Upper Two",55m,"Incline Bench Press (Dumbbell)",1,75.0,10.0,0,0.0,
2026-05-10 10:36:20,"Upper Two",55m,"Incline Bench Press (Dumbbell)",2,75.0,8.0,0,0.0,
2026-05-10 10:36:20,"Upper Two",55m,"Incline Bench Press (Dumbbell)",3,75.0,8.0,0,0.0,
2026-05-10 10:36:20,"Upper Two",55m,"Incline Bench Press (Dumbbell)",D,75.0,2.0,0,0.0,
2026-05-10 10:36:20,"Upper Two",55m,"Incline Curl (Dumbbell)",1,30.0,8.0,0,0.0,
2026-05-10 10:36:20,"Upper Two",55m,"Incline Curl (Dumbbell)",2,30.0,6.0,0,0.0,
2026-05-10 10:36:20,"Upper Two",55m,"Incline Curl (Dumbbell)",3,30.0,6.0,0,0.0,
2026-05-10 10:36:20,"Upper Two",55m,"Lateral Raise (Dumbbell)",1,15.0,12.0,0,0.0,
2026-05-10 10:36:20,"Upper Two",55m,"Lateral Raise (Dumbbell)",2,15.0,12.0,0,0.0,
2026-05-10 10:36:20,"Upper Two",55m,"Lateral Raise (Dumbbell)",3,15.0,11.0,0,0.0,
2026-05-10 10:36:20,"Upper Two",55m,"Seated Row (Machine)",1,70.0,12.0,0,0.0,
2026-05-10 10:36:20,"Upper Two",55m,"Seated Row (Machine)",2,70.0,11.0,0,0.0,
2026-05-10 10:36:20,"Upper Two",55m,"Seated Row (Machine)",3,70.0,10.0,0,0.0,
2026-05-10 10:36:20,"Upper Two",55m,"Triceps Extension (Cable)",1,57.0,8.0,0,0.0,
2026-05-10 10:36:20,"Upper Two",55m,"Triceps Extension (Cable)",2,53.0,9.0,0,0.0,
2026-05-10 10:36:20,"Upper Two",55m,"Triceps Extension (Cable)",3,53.0,6.0,0,0.0,
2026-05-10 10:36:20,"Upper Two",55m,"Triceps Extension (Cable)",D,47.0,3.0,0,0.0,
2026-05-10 10:36:20,"Upper Two",55m,"Bicep Curl (Barbell)",1,60.0,12.0,0,0.0,
2026-05-10 10:36:20,"Upper Two",55m,"Bicep Curl (Barbell)",2,60.0,11.0,0,0.0,
2026-05-10 10:36:20,"Upper Two",55m,"Bicep Curl (Barbell)",3,60.0,9.0,0,0.0,
2026-05-10 10:36:20,"Upper Two",55m,"Bicep Curl (Barbell)",4,60.0,8.0,0,0.0,
2026-05-10 10:36:20,"Upper Two",55m,"Triceps Pushdown (Cable - Straight Bar)",1,57.0,12.0,0,0.0,
2026-05-10 10:36:20,"Upper Two",55m,"Triceps Pushdown (Cable - Straight Bar)",2,57.0,11.0,0,0.0,
2026-05-10 10:36:20,"Upper Two",55m,"Triceps Pushdown (Cable - Straight Bar)",3,57.0,8.0,0,0.0,
2026-05-10 10:36:20,"Upper Two",55m,"Triceps Pushdown (Cable - Straight Bar)",D,57.0,4.0,0,0.0,
2026-05-11 08:03:42,"Lower",40m,"Squat (Barbell)",1,245.0,7.0,0,0.0,
2026-05-11 08:03:42,"Lower",40m,"Squat (Barbell)",2,245.0,6.0,0,0.0,
2026-05-11 08:03:42,"Lower",40m,"Squat (Barbell)",3,245.0,6.0,0,0.0,
2026-05-11 08:03:42,"Lower",40m,"Seated Leg Curl (Machine)",1,210.0,8.0,0,0.0,
2026-05-11 08:03:42,"Lower",40m,"Seated Leg Curl (Machine)",2,198.0,8.0,0,0.0,
2026-05-11 08:03:42,"Lower",40m,"Seated Leg Curl (Machine)",3,198.0,7.0,0,0.0,
2026-05-11 08:03:42,"Lower",40m,"RFE Squat",1,0.0,0.0,0,0.0,
2026-05-11 08:03:42,"Lower",40m,"RFE Squat",2,0.0,0.0,0,0.0,
2026-05-11 08:03:42,"Lower",40m,"RFE Squat",3,0.0,0.0,0,0.0,
2026-05-11 08:03:42,"Lower",40m,"Romanian Deadlift (Dumbbell)",1,0.0,0.0,0,0.0,
2026-05-11 08:03:42,"Lower",40m,"Romanian Deadlift (Dumbbell)",2,0.0,0.0,0,0.0,
2026-05-11 08:03:42,"Lower",40m,"Romanian Deadlift (Dumbbell)",3,0.0,0.0,0,0.0,
2026-05-11 08:03:42,"Lower",40m,"Leg Extension (Machine)",1,240.0,12.0,0,0.0,
2026-05-11 08:03:42,"Lower",40m,"Leg Extension (Machine)",2,240.0,10.0,0,0.0,
2026-05-11 08:03:42,"Lower",40m,"Leg Extension (Machine)",3,240.0,8.0,0,0.0,
2026-05-11 08:03:42,"Lower",40m,"Leg Extension (Machine)",4,240.0,7.0,0,0.0,
2026-05-11 08:03:42,"Lower",40m,"Leg Extension (Machine)",D,220.0,5.0,0,0.0,
2026-05-11 08:03:42,"Lower",40m,"Standing Calf Raise (Smith Machine)",1,0.0,0.0,0,0.0,
2026-05-11 08:03:42,"Lower",40m,"Standing Calf Raise (Smith Machine)",2,0.0,0.0,0,0.0,
2026-05-11 08:03:42,"Lower",40m,"Standing Calf Raise (Smith Machine)",3,0.0,0.0,0,0.0,
2026-05-11 08:03:42,"Lower",40m,"Cable Crunch",1,71.5,10.0,0,0.0,
2026-05-11 08:03:42,"Lower",40m,"Cable Crunch",2,71.5,9.0,0,0.0,
2026-05-11 08:03:42,"Lower",40m,"Cable Crunch",3,71.5,7.0,0,0.0,
2026-05-12 07:45:50,"Upper One",1h 22m,"Bench Press (Barbell)",1,215.0,7.0,0,0.0,
2026-05-12 07:45:50,"Upper One",1h 22m,"Bench Press (Barbell)",2,205.0,6.0,0,0.0,
2026-05-12 07:45:50,"Upper One",1h 22m,"Bench Press (Barbell)",3,205.0,6.0,0,0.0,
2026-05-12 07:45:50,"Upper One",1h 22m,"Cable Crossover",1,20.0,9.0,0,0.0,
2026-05-12 07:45:50,"Upper One",1h 22m,"Cable Crossover",2,20.0,7.0,0,0.0,
2026-05-12 07:45:50,"Upper One",1h 22m,"Cable Crossover",3,20.0,6.0,0,0.0,
2026-05-12 07:45:50,"Upper One",1h 22m,"Lateral Raise (Cable)",1,13.0,11.0,0,0.0,
2026-05-12 07:45:50,"Upper One",1h 22m,"Lateral Raise (Cable)",2,13.0,8.0,0,0.0,
2026-05-12 07:45:50,"Upper One",1h 22m,"Lateral Raise (Cable)",3,13.0,7.0,0,0.0,
2026-05-12 07:45:50,"Upper One",1h 22m,"Pull Up (Assisted)",1,40.0,10.0,0,0.0,
2026-05-12 07:45:50,"Upper One",1h 22m,"Pull Up (Assisted)",2,40.0,8.0,0,0.0,
2026-05-12 07:45:50,"Upper One",1h 22m,"Pull Up (Assisted)",3,40.0,7.0,0,0.0,
2026-05-12 07:45:50,"Upper One",1h 22m,"Triceps Dip (Assisted)",1,0.0,7.0,0,0.0,
2026-05-12 07:45:50,"Upper One",1h 22m,"Triceps Dip (Assisted)",2,0.0,5.0,0,0.0,
2026-05-12 07:45:50,"Upper One",1h 22m,"Triceps Dip (Assisted)",3,0.0,5.0,0,0.0,
2026-05-12 07:45:50,"Upper One",1h 22m,"Triceps Dip (Assisted)",4,0.0,4.0,0,0.0,
2026-05-12 07:45:50,"Upper One",1h 22m,"Triceps Dip (Assisted)",5,0.0,4.0,0,0.0,
2026-05-12 07:45:50,"Upper One",1h 22m,"Seated Row (Cable)",1,170.0,11.0,0,0.0,
2026-05-12 07:45:50,"Upper One",1h 22m,"Seated Row (Cable)",2,170.0,8.0,0,0.0,
2026-05-12 07:45:50,"Upper One",1h 22m,"Seated Row (Cable)",3,165.0,8.0,0,0.0,
2026-05-12 07:45:50,"Upper One",1h 22m,"Seated Row (Cable)",D,143.0,6.0,0,0.0,
2026-05-12 07:45:50,"Upper One",1h 22m,"Bicep Curl (Cable)",1,45.0,8.0,0,0.0,
2026-05-12 07:45:50,"Upper One",1h 22m,"Bicep Curl (Cable)",2,45.0,7.0,0,0.0,
2026-05-12 07:45:50,"Upper One",1h 22m,"Bicep Curl (Cable)",3,45.0,7.0,0,0.0,
2026-05-12 07:45:50,"Upper One",1h 22m,"Bicep Curl (Cable)",4,45.0,5.0,0,0.0,
2026-05-14 07:48:21,"Lower",38m,"Squat (Barbell)",1,0.0,0.0,0,0.0,
2026-05-14 07:48:21,"Lower",38m,"Squat (Barbell)",2,0.0,0.0,0,0.0,
2026-05-14 07:48:21,"Lower",38m,"Squat (Barbell)",3,0.0,0.0,0,0.0,
2026-05-14 07:48:21,"Lower",38m,"Seated Leg Curl (Machine)",1,0.0,0.0,0,0.0,
2026-05-14 07:48:21,"Lower",38m,"Seated Leg Curl (Machine)",2,0.0,0.0,0,0.0,
2026-05-14 07:48:21,"Lower",38m,"Seated Leg Curl (Machine)",3,0.0,0.0,0,0.0,
2026-05-14 07:48:21,"Lower",38m,"RFE Squat",1,50.0,10.0,0,0.0,
2026-05-14 07:48:21,"Lower",38m,"RFE Squat",2,50.0,9.0,0,0.0,
2026-05-14 07:48:21,"Lower",38m,"RFE Squat",3,50.0,8.0,0,0.0,
2026-05-14 07:48:21,"Lower",38m,"Lying Leg Curl (Machine)",1,140.0,11.0,0,0.0,
2026-05-14 07:48:21,"Lower",38m,"Lying Leg Curl (Machine)",2,140.0,9.0,0,0.0,
2026-05-14 07:48:21,"Lower",38m,"Lying Leg Curl (Machine)",3,140.0,8.0,0,0.0,
2026-05-14 07:48:21,"Lower",38m,"Lying Leg Curl (Machine)",D,140.0,4.0,0,0.0,
2026-05-14 07:48:21,"Lower",38m,"Leg Extension (Machine)",1,240.0,13.0,0,0.0,
2026-05-14 07:48:21,"Lower",38m,"Leg Extension (Machine)",2,240.0,11.0,0,0.0,
2026-05-14 07:48:21,"Lower",38m,"Leg Extension (Machine)",3,240.0,8.0,0,0.0,
2026-05-14 07:48:21,"Lower",38m,"Leg Extension (Machine)",4,240.0,8.0,0,0.0,
2026-05-14 07:48:21,"Lower",38m,"Leg Extension (Machine)",D,240.0,3.0,0,0.0,
2026-05-14 07:48:21,"Lower",38m,"Standing Calf Raise (Smith Machine)",1,225.0,15.0,0,0.0,
2026-05-14 07:48:21,"Lower",38m,"Standing Calf Raise (Smith Machine)",2,225.0,13.0,0,0.0,
2026-05-14 07:48:21,"Lower",38m,"Standing Calf Raise (Smith Machine)",3,225.0,11.0,0,0.0,
2026-05-14 07:48:21,"Lower",38m,"Cable Crunch",1,0.0,0.0,0,0.0,
2026-05-14 07:48:21,"Lower",38m,"Cable Crunch",2,0.0,0.0,0,0.0,
2026-05-14 07:48:21,"Lower",38m,"Cable Crunch",3,0.0,0.0,0,0.0,
2026-05-18 07:37:28,"Upper Two",47m,"Lat Pulldown (Cable)",1,165.0,10.0,0,0.0,
2026-05-18 07:37:28,"Upper Two",47m,"Lat Pulldown (Cable)",2,165.0,8.0,0,0.0,
2026-05-18 07:37:28,"Upper Two",47m,"Lat Pulldown (Cable)",3,165.0,7.0,0,0.0,
2026-05-18 07:37:28,"Upper Two",47m,"Lat Pulldown (Cable)",D,143.0,6.0,0,0.0,
2026-05-18 07:37:28,"Upper Two",47m,"Incline Bench Press (Dumbbell)",1,75.0,10.0,0,0.0,
2026-05-18 07:37:28,"Upper Two",47m,"Incline Bench Press (Dumbbell)",2,75.0,9.0,0,0.0,
2026-05-18 07:37:28,"Upper Two",47m,"Incline Bench Press (Dumbbell)",3,75.0,8.0,0,0.0,
2026-05-18 07:37:28,"Upper Two",47m,"Incline Bench Press (Dumbbell)",D,75.0,2.0,0,0.0,
2026-05-18 07:37:28,"Upper Two",47m,"Incline Curl (Dumbbell)",1,30.0,8.0,0,0.0,
2026-05-18 07:37:28,"Upper Two",47m,"Incline Curl (Dumbbell)",2,30.0,7.0,0,0.0,
2026-05-18 07:37:28,"Upper Two",47m,"Incline Curl (Dumbbell)",3,30.0,6.0,0,0.0,
2026-05-18 07:37:28,"Upper Two",47m,"Lateral Raise (Dumbbell)",1,15.0,13.0,0,0.0,
2026-05-18 07:37:28,"Upper Two",47m,"Lateral Raise (Dumbbell)",2,15.0,11.0,0,0.0,
2026-05-18 07:37:28,"Upper Two",47m,"Lateral Raise (Dumbbell)",3,15.0,11.0,0,0.0,
2026-05-18 07:37:28,"Upper Two",47m,"Seated Row (Machine)",1,73.0,12.0,0,0.0,
2026-05-18 07:37:28,"Upper Two",47m,"Seated Row (Machine)",2,73.0,10.0,0,0.0,
2026-05-18 07:37:28,"Upper Two",47m,"Seated Row (Machine)",3,73.0,12.0,0,0.0,
2026-05-18 07:37:28,"Upper Two",47m,"Triceps Extension (Cable)",1,57.0,7.0,0,0.0,
2026-05-18 07:37:28,"Upper Two",47m,"Triceps Extension (Cable)",2,53.0,8.0,0,0.0,
2026-05-18 07:37:28,"Upper Two",47m,"Triceps Extension (Cable)",3,53.0,6.0,0,0.0,
2026-05-18 07:37:28,"Upper Two",47m,"Triceps Extension (Cable)",D,47.0,3.0,0,0.0,
2026-05-18 07:37:28,"Upper Two",47m,"Bicep Curl (Barbell)",1,65.0,10.0,0,0.0,
2026-05-18 07:37:28,"Upper Two",47m,"Bicep Curl (Barbell)",2,65.0,10.0,0,0.0,
2026-05-18 07:37:28,"Upper Two",47m,"Bicep Curl (Barbell)",3,65.0,8.0,0,0.0,
2026-05-18 07:37:28,"Upper Two",47m,"Bicep Curl (Barbell)",4,65.0,7.0,0,0.0,
2026-05-18 07:37:28,"Upper Two",47m,"Triceps Pushdown (Cable - Straight Bar)",1,57.0,11.0,0,0.0,
2026-05-18 07:37:28,"Upper Two",47m,"Triceps Pushdown (Cable - Straight Bar)",2,57.0,9.0,0,0.0,
2026-05-18 07:37:28,"Upper Two",47m,"Triceps Pushdown (Cable - Straight Bar)",3,57.0,9.0,0,0.0,
2026-05-18 07:37:28,"Upper Two",47m,"Triceps Pushdown (Cable - Straight Bar)",D,57.0,4.0,0,0.0,
2026-05-19 07:50:09,"Lower",34m,"Squat (Barbell)",1,245.0,8.0,0,0.0,
2026-05-19 07:50:09,"Lower",34m,"Squat (Barbell)",2,245.0,6.0,0,0.0,
2026-05-19 07:50:09,"Lower",34m,"Squat (Barbell)",3,245.0,6.0,0,0.0,
2026-05-19 07:50:09,"Lower",34m,"Seated Leg Curl (Machine)",1,210.0,8.0,0,0.0,
2026-05-19 07:50:09,"Lower",34m,"Seated Leg Curl (Machine)",2,198.0,8.0,0,0.0,
2026-05-19 07:50:09,"Lower",34m,"Seated Leg Curl (Machine)",3,198.0,8.0,0,0.0,
2026-05-19 07:50:09,"Lower",34m,"Seated Leg Curl (Machine)",D,176.0,3.0,0,0.0,
2026-05-19 07:50:09,"Lower",34m,"RFE Squat",1,0.0,0.0,0,0.0,
2026-05-19 07:50:09,"Lower",34m,"RFE Squat",2,0.0,0.0,0,0.0,
2026-05-19 07:50:09,"Lower",34m,"RFE Squat",3,0.0,0.0,0,0.0,
2026-05-19 07:50:09,"Lower",34m,"Lying Leg Curl (Machine)",1,0.0,0.0,0,0.0,
2026-05-19 07:50:09,"Lower",34m,"Lying Leg Curl (Machine)",2,0.0,0.0,0,0.0,
2026-05-19 07:50:09,"Lower",34m,"Lying Leg Curl (Machine)",3,0.0,0.0,0,0.0,
2026-05-19 07:50:09,"Lower",34m,"Lying Leg Curl (Machine)",D,0.0,0.0,0,0.0,
2026-05-19 07:50:09,"Lower",34m,"Leg Extension (Machine)",1,240.0,11.0,0,0.0,
2026-05-19 07:50:09,"Lower",34m,"Leg Extension (Machine)",2,240.0,9.0,0,0.0,
2026-05-19 07:50:09,"Lower",34m,"Leg Extension (Machine)",3,240.0,7.0,0,0.0,
2026-05-19 07:50:09,"Lower",34m,"Leg Extension (Machine)",4,0.0,0.0,0,0.0,
2026-05-19 07:50:09,"Lower",34m,"Leg Extension (Machine)",D,240.0,3.0,0,0.0,
2026-05-19 07:50:09,"Lower",34m,"Standing Calf Raise (Smith Machine)",1,0.0,0.0,0,0.0,
2026-05-19 07:50:09,"Lower",34m,"Standing Calf Raise (Smith Machine)",2,0.0,0.0,0,0.0,
2026-05-19 07:50:09,"Lower",34m,"Standing Calf Raise (Smith Machine)",3,0.0,0.0,0,0.0,
2026-05-19 07:50:09,"Lower",34m,"Cable Crunch",1,66.0,13.0,0,0.0,
2026-05-19 07:50:09,"Lower",34m,"Cable Crunch",2,71.5,12.0,0,0.0,
2026-05-19 07:50:09,"Lower",34m,"Cable Crunch",3,71.5,8.0,0,0.0,
2026-05-21 07:47:34,"Upper One",52m,"Bench Press (Barbell)",1,205.0,8.0,0,0.0,
2026-05-21 07:47:34,"Upper One",52m,"Bench Press (Barbell)",2,205.0,6.0,0,0.0,
2026-05-21 07:47:34,"Upper One",52m,"Bench Press (Barbell)",3,205.0,5.0,0,0.0,
2026-05-21 07:47:34,"Upper One",52m,"Cable Crossover",1,17.0,10.0,0,0.0,
2026-05-21 07:47:34,"Upper One",52m,"Cable Crossover",2,17.0,8.0,0,0.0,
2026-05-21 07:47:34,"Upper One",52m,"Cable Crossover",3,17.0,7.0,0,0.0,
2026-05-21 07:47:34,"Upper One",52m,"Lateral Raise (Cable)",1,13.0,11.0,0,0.0,
2026-05-21 07:47:34,"Upper One",52m,"Lateral Raise (Cable)",2,13.0,8.0,0,0.0,
2026-05-21 07:47:34,"Upper One",52m,"Lateral Raise (Cable)",3,13.0,7.0,0,0.0,
2026-05-21 07:47:34,"Upper One",52m,"Pull Up (Assisted)",1,40.0,8.0,0,0.0,
2026-05-21 07:47:34,"Upper One",52m,"Pull Up (Assisted)",2,40.0,7.0,0,0.0,
2026-05-21 07:47:34,"Upper One",52m,"Pull Up (Assisted)",3,40.0,6.0,0,0.0,
2026-05-21 07:47:34,"Upper One",52m,"Triceps Dip (Assisted)",1,0.0,8.0,0,0.0,
2026-05-21 07:47:34,"Upper One",52m,"Triceps Dip (Assisted)",2,0.0,7.0,0,0.0,
2026-05-21 07:47:34,"Upper One",52m,"Triceps Dip (Assisted)",3,20.0,6.0,0,0.0,
2026-05-21 07:47:34,"Upper One",52m,"Seated Row (Cable)",1,165.0,11.0,0,0.0,
2026-05-21 07:47:34,"Upper One",52m,"Seated Row (Cable)",2,165.0,10.0,0,0.0,
2026-05-21 07:47:34,"Upper One",52m,"Seated Row (Cable)",3,165.0,8.0,0,0.0,
2026-05-21 07:47:34,"Upper One",52m,"Seated Row (Cable)",D,165.0,3.0,0,0.0,
2026-05-21 07:47:34,"Upper One",52m,"Bicep Curl (Cable)",1,40.0,10.0,0,0.0,
2026-05-21 07:47:34,"Upper One",52m,"Bicep Curl (Cable)",2,40.0,9.0,0,0.0,
2026-05-21 07:47:34,"Upper One",52m,"Bicep Curl (Cable)",3,40.0,8.0,0,0.0,
2026-05-21 07:47:34,"Upper One",52m,"Bicep Curl (Cable)",D,40.0,3.0,0,0.0,
2026-05-23 09:55:09,"Lower",22m,"Squat (Barbell)",1,0.0,0.0,0,0.0,
2026-05-23 09:55:09,"Lower",22m,"Squat (Barbell)",2,0.0,0.0,0,0.0,
2026-05-23 09:55:09,"Lower",22m,"Squat (Barbell)",3,0.0,0.0,0,0.0,
2026-05-23 09:55:09,"Lower",22m,"Seated Leg Curl (Machine)",1,0.0,0.0,0,0.0,
2026-05-23 09:55:09,"Lower",22m,"Seated Leg Curl (Machine)",2,0.0,0.0,0,0.0,
2026-05-23 09:55:09,"Lower",22m,"Seated Leg Curl (Machine)",3,0.0,0.0,0,0.0,
2026-05-23 09:55:09,"Lower",22m,"Seated Leg Curl (Machine)",D,0.0,0.0,0,0.0,
2026-05-23 09:55:09,"Lower",22m,"RFE Squat",1,0.0,0.0,0,0.0,
2026-05-23 09:55:09,"Lower",22m,"RFE Squat",2,0.0,0.0,0,0.0,
2026-05-23 09:55:09,"Lower",22m,"RFE Squat",3,0.0,0.0,0,0.0,
2026-05-23 09:55:09,"Lower",22m,"Lying Leg Curl (Machine)",1,150.0,10.0,0,0.0,
2026-05-23 09:55:09,"Lower",22m,"Lying Leg Curl (Machine)",2,150.0,8.0,0,0.0,
2026-05-23 09:55:09,"Lower",22m,"Lying Leg Curl (Machine)",3,150.0,7.0,0,0.0,
2026-05-23 09:55:09,"Lower",22m,"Lying Leg Curl (Machine)",D,140.0,5.0,0,0.0,
2026-05-23 09:55:09,"Lower",22m,"Leg Extension (Machine)",1,240.0,12.0,0,0.0,
2026-05-23 09:55:09,"Lower",22m,"Leg Extension (Machine)",2,240.0,10.0,0,0.0,
2026-05-23 09:55:09,"Lower",22m,"Leg Extension (Machine)",3,240.0,8.0,0,0.0,
2026-05-23 09:55:09,"Lower",22m,"Leg Extension (Machine)",4,240.0,8.0,0,0.0,
2026-05-23 09:55:09,"Lower",22m,"Leg Extension (Machine)",D,220.0,6.0,0,0.0,
2026-05-23 09:55:09,"Lower",22m,"Standing Calf Raise (Smith Machine)",1,0.0,0.0,0,0.0,
2026-05-23 09:55:09,"Lower",22m,"Standing Calf Raise (Smith Machine)",2,0.0,0.0,0,0.0,
2026-05-23 09:55:09,"Lower",22m,"Standing Calf Raise (Smith Machine)",3,0.0,0.0,0,0.0,
2026-05-23 09:55:09,"Lower",22m,"Cable Crunch",1,0.0,0.0,0,0.0,
2026-05-23 09:55:09,"Lower",22m,"Cable Crunch",2,0.0,0.0,0,0.0,
2026-05-23 09:55:09,"Lower",22m,"Cable Crunch",3,0.0,0.0,0,0.0,
2026-05-26 07:37:42,"Upper Two",46m,"Lat Pulldown (Cable)",1,187.0,6.0,0,0.0,
2026-05-26 07:37:42,"Upper Two",46m,"Lat Pulldown (Cable)",2,158.0,8.0,0,0.0,
2026-05-26 07:37:42,"Upper Two",46m,"Lat Pulldown (Cable)",3,158.0,7.0,0,0.0,
2026-05-26 07:37:42,"Upper Two",46m,"Lat Pulldown (Cable)",D,148.0,4.0,0,0.0,
2026-05-26 07:37:42,"Upper Two",46m,"Incline Bench Press (Dumbbell)",1,75.0,10.0,0,0.0,
2026-05-26 07:37:42,"Upper Two",46m,"Incline Bench Press (Dumbbell)",2,75.0,9.0,0,0.0,
2026-05-26 07:37:42,"Upper Two",46m,"Incline Bench Press (Dumbbell)",3,75.0,8.0,0,0.0,
2026-05-26 07:37:42,"Upper Two",46m,"Incline Bench Press (Dumbbell)",D,75.0,2.0,0,0.0,
2026-05-26 07:37:42,"Upper Two",46m,"Incline Curl (Dumbbell)",1,30.0,8.0,0,0.0,
2026-05-26 07:37:42,"Upper Two",46m,"Incline Curl (Dumbbell)",2,30.0,7.0,0,0.0,
2026-05-26 07:37:42,"Upper Two",46m,"Incline Curl (Dumbbell)",3,30.0,7.0,0,0.0,
2026-05-26 07:37:42,"Upper Two",46m,"Incline Curl (Dumbbell)",D,15.0,8.0,0,0.0,
2026-05-26 07:37:42,"Upper Two",46m,"Lateral Raise (Dumbbell)",1,15.0,14.0,0,0.0,
2026-05-26 07:37:42,"Upper Two",46m,"Lateral Raise (Dumbbell)",2,15.0,11.0,0,0.0,
2026-05-26 07:37:42,"Upper Two",46m,"Lateral Raise (Dumbbell)",3,15.0,11.0,0,0.0,
2026-05-26 07:37:42,"Upper Two",46m,"Seated Row (Machine)",1,71.5,12.0,0,0.0,
2026-05-26 07:37:42,"Upper Two",46m,"Seated Row (Machine)",2,71.5,10.0,0,0.0,
2026-05-26 07:37:42,"Upper Two",46m,"Seated Row (Machine)",3,71.5,10.0,0,0.0,
2026-05-26 07:37:42,"Upper Two",46m,"Triceps Extension (Cable)",1,60.5,8.0,0,0.0,
2026-05-26 07:37:42,"Upper Two",46m,"Triceps Extension (Cable)",2,55.5,7.0,0,0.0,
2026-05-26 07:37:42,"Upper Two",46m,"Triceps Extension (Cable)",3,55.5,6.0,0,0.0,
2026-05-26 07:37:42,"Upper Two",46m,"Triceps Extension (Cable)",D,49.5,4.0,0,0.0,
2026-05-26 07:37:42,"Upper Two",46m,"Bicep Curl (Barbell)",1,70.0,8.0,0,0.0,
2026-05-26 07:37:42,"Upper Two",46m,"Bicep Curl (Barbell)",2,70.0,7.0,0,0.0,
2026-05-26 07:37:42,"Upper Two",46m,"Bicep Curl (Barbell)",3,70.0,7.0,0,0.0,
2026-05-26 07:37:42,"Upper Two",46m,"Bicep Curl (Barbell)",4,70.0,6.0,0,0.0,
2026-05-26 07:37:42,"Upper Two",46m,"Triceps Pushdown (Cable - Straight Bar)",1,60.5,11.0,0,0.0,
2026-05-26 07:37:42,"Upper Two",46m,"Triceps Pushdown (Cable - Straight Bar)",2,60.5,10.0,0,0.0,
2026-05-26 07:37:42,"Upper Two",46m,"Triceps Pushdown (Cable - Straight Bar)",3,60.5,6.0,0,0.0,
2026-05-26 07:37:42,"Upper Two",46m,"Triceps Pushdown (Cable - Straight Bar)",D,55.0,4.0,0,0.0,
2026-05-28 07:14:49,"Lower",32m,"Squat (Barbell)",1,245.0,8.0,0,0.0,
2026-05-28 07:14:49,"Lower",32m,"Squat (Barbell)",2,245.0,6.0,0,0.0,
2026-05-28 07:14:49,"Lower",32m,"Squat (Barbell)",3,245.0,5.0,0,0.0,
2026-05-28 07:14:49,"Lower",32m,"Seated Leg Curl (Machine)",1,187.0,10.0,0,0.0,
2026-05-28 07:14:49,"Lower",32m,"Seated Leg Curl (Machine)",2,193.0,7.0,0,0.0,
2026-05-28 07:14:49,"Lower",32m,"Seated Leg Curl (Machine)",3,193.0,7.0,0,0.0,
2026-05-28 07:14:49,"Lower",32m,"Seated Leg Curl (Machine)",D,165.0,5.0,0,0.0,
2026-05-28 07:14:49,"Lower",32m,"RFE Squat",1,0.0,0.0,0,0.0,
2026-05-28 07:14:49,"Lower",32m,"RFE Squat",2,0.0,0.0,0,0.0,
2026-05-28 07:14:49,"Lower",32m,"RFE Squat",3,0.0,0.0,0,0.0,
2026-05-28 07:14:49,"Lower",32m,"Lying Leg Curl (Machine)",1,0.0,0.0,0,0.0,
2026-05-28 07:14:49,"Lower",32m,"Lying Leg Curl (Machine)",2,0.0,0.0,0,0.0,
2026-05-28 07:14:49,"Lower",32m,"Lying Leg Curl (Machine)",3,0.0,0.0,0,0.0,
2026-05-28 07:14:49,"Lower",32m,"Lying Leg Curl (Machine)",D,0.0,0.0,0,0.0,
2026-05-28 07:14:49,"Lower",32m,"Leg Extension (Machine)",1,240.0,11.0,0,0.0,
2026-05-28 07:14:49,"Lower",32m,"Leg Extension (Machine)",2,240.0,9.0,0,0.0,
2026-05-28 07:14:49,"Lower",32m,"Leg Extension (Machine)",3,240.0,7.0,0,0.0,
2026-05-28 07:14:49,"Lower",32m,"Leg Extension (Machine)",D,220.0,3.0,0,0.0,
2026-05-28 07:14:49,"Lower",32m,"Standing Calf Raise (Smith Machine)",1,0.0,0.0,0,0.0,
2026-05-28 07:14:49,"Lower",32m,"Standing Calf Raise (Smith Machine)",2,0.0,0.0,0,0.0,
2026-05-28 07:14:49,"Lower",32m,"Standing Calf Raise (Smith Machine)",3,0.0,0.0,0,0.0,
2026-05-28 07:14:49,"Lower",32m,"Cable Crunch",1,0.0,0.0,0,0.0,
2026-05-28 07:14:49,"Lower",32m,"Cable Crunch",2,0.0,0.0,0,0.0,
2026-05-28 07:14:49,"Lower",32m,"Cable Crunch",3,0.0,0.0,0,0.0,
2026-05-31 14:55:32,"Upper One",1h 6m,"Bench Press (Barbell)",1,205.0,8.0,0,0.0,
2026-05-31 14:55:32,"Upper One",1h 6m,"Bench Press (Barbell)",2,205.0,7.0,0,0.0,
2026-05-31 14:55:32,"Upper One",1h 6m,"Bench Press (Barbell)",3,205.0,5.0,0,0.0,
2026-05-31 14:55:32,"Upper One",1h 6m,"Cable Crossover",1,17.0,11.0,0,0.0,
2026-05-31 14:55:32,"Upper One",1h 6m,"Cable Crossover",2,17.0,8.0,0,0.0,
2026-05-31 14:55:32,"Upper One",1h 6m,"Cable Crossover",3,17.0,7.0,0,0.0,
2026-05-31 14:55:32,"Upper One",1h 6m,"Lateral Raise (Cable)",1,13.0,9.0,0,0.0,
2026-05-31 14:55:32,"Upper One",1h 6m,"Lateral Raise (Cable)",2,13.0,8.0,0,0.0,
2026-05-31 14:55:32,"Upper One",1h 6m,"Lateral Raise (Cable)",3,10.0,8.0,0,0.0,
2026-05-31 14:55:32,"Upper One",1h 6m,"Pull Up (Assisted)",1,40.0,9.0,0,0.0,
2026-05-31 14:55:32,"Upper One",1h 6m,"Pull Up (Assisted)",2,40.0,8.0,0,0.0,
2026-05-31 14:55:32,"Upper One",1h 6m,"Pull Up (Assisted)",3,40.0,7.0,0,0.0,
2026-05-31 14:55:32,"Upper One",1h 6m,"Triceps Dip (Assisted)",1,0.0,7.0,0,0.0,
2026-05-31 14:55:32,"Upper One",1h 6m,"Triceps Dip (Assisted)",2,0.0,5.0,0,0.0,
2026-05-31 14:55:32,"Upper One",1h 6m,"Triceps Dip (Assisted)",3,20.0,6.0,0,0.0,
2026-05-31 14:55:32,"Upper One",1h 6m,"Seated Row (Cable)",1,153.0,11.0,0,0.0,
2026-05-31 14:55:32,"Upper One",1h 6m,"Seated Row (Cable)",2,153.0,10.0,0,0.0,
2026-05-31 14:55:32,"Upper One",1h 6m,"Seated Row (Cable)",3,153.0,9.0,0,0.0,
2026-05-31 14:55:32,"Upper One",1h 6m,"Seated Row (Cable)",D,143.0,5.0,0,0.0,
2026-05-31 14:55:32,"Upper One",1h 6m,"Bicep Curl (Cable)",1,45.0,10.0,0,0.0,
2026-05-31 14:55:32,"Upper One",1h 6m,"Bicep Curl (Cable)",2,45.0,8.0,0,0.0,
2026-05-31 14:55:32,"Upper One",1h 6m,"Bicep Curl (Cable)",3,45.0,8.0,0,0.0,
2026-05-31 14:55:32,"Upper One",1h 6m,"Bicep Curl (Cable)",D,35.0,6.0,0,0.0,
2026-06-01 07:39:14,"Lower",24h 5m,"Squat (Barbell)",1,245.0,8.0,0,0.0,
2026-06-01 07:39:14,"Lower",24h 5m,"Squat (Barbell)",2,245.0,6.0,0,0.0,
2026-06-01 07:39:14,"Lower",24h 5m,"Squat (Barbell)",3,245.0,6.0,0,0.0,
2026-06-01 07:39:14,"Lower",24h 5m,"Seated Leg Curl (Machine)",1,187.0,10.0,0,0.0,
2026-06-01 07:39:14,"Lower",24h 5m,"Seated Leg Curl (Machine)",2,187.0,8.0,0,0.0,
2026-06-01 07:39:14,"Lower",24h 5m,"Seated Leg Curl (Machine)",3,187.0,7.0,0,0.0,
2026-06-01 07:39:14,"Lower",24h 5m,"Seated Leg Curl (Machine)",D,165.0,5.0,0,0.0,
2026-06-01 07:39:14,"Lower",24h 5m,"RFE Squat",1,0.0,0.0,0,0.0,
2026-06-01 07:39:14,"Lower",24h 5m,"RFE Squat",2,0.0,0.0,0,0.0,
2026-06-01 07:39:14,"Lower",24h 5m,"RFE Squat",3,0.0,0.0,0,0.0,
2026-06-01 07:39:14,"Lower",24h 5m,"Lying Leg Curl (Machine)",1,0.0,0.0,0,0.0,
2026-06-01 07:39:14,"Lower",24h 5m,"Lying Leg Curl (Machine)",2,0.0,0.0,0,0.0,
2026-06-01 07:39:14,"Lower",24h 5m,"Lying Leg Curl (Machine)",3,0.0,0.0,0,0.0,
2026-06-01 07:39:14,"Lower",24h 5m,"Lying Leg Curl (Machine)",D,0.0,0.0,0,0.0,
2026-06-01 07:39:14,"Lower",24h 5m,"Leg Extension (Machine)",1,240.0,11.0,0,0.0,
2026-06-01 07:39:14,"Lower",24h 5m,"Leg Extension (Machine)",2,240.0,10.0,0,0.0,
2026-06-01 07:39:14,"Lower",24h 5m,"Leg Extension (Machine)",3,240.0,8.0,0,0.0,
2026-06-01 07:39:14,"Lower",24h 5m,"Leg Extension (Machine)",4,240.0,2.0,0,0.0,
2026-06-01 07:39:14,"Lower",24h 5m,"Standing Calf Raise (Smith Machine)",1,0.0,0.0,0,0.0,
2026-06-01 07:39:14,"Lower",24h 5m,"Standing Calf Raise (Smith Machine)",2,0.0,0.0,0,0.0,
2026-06-01 07:39:14,"Lower",24h 5m,"Standing Calf Raise (Smith Machine)",3,0.0,0.0,0,0.0,
2026-06-01 07:39:14,"Lower",24h 5m,"Cable Crunch",1,70.0,11.0,0,0.0,
2026-06-01 07:39:14,"Lower",24h 5m,"Cable Crunch",2,70.0,10.0,0,0.0,
2026-06-01 07:39:14,"Lower",24h 5m,"Cable Crunch",3,70.0,10.0,0,0.0,
2026-06-02 07:44:42,"Upper Two",49m,"Lat Pulldown (Cable)",1,165.0,10.0,0,0.0,
2026-06-02 07:44:42,"Upper Two",49m,"Lat Pulldown (Cable)",2,165.0,8.0,0,0.0,
2026-06-02 07:44:42,"Upper Two",49m,"Lat Pulldown (Cable)",3,165.0,7.0,0,0.0,
2026-06-02 07:44:42,"Upper Two",49m,"Lat Pulldown (Cable)",D,165.0,5.0,0,0.0,
2026-06-02 07:44:42,"Upper Two",49m,"Incline Bench Press (Dumbbell)",1,75.0,11.0,0,0.0,
2026-06-02 07:44:42,"Upper Two",49m,"Incline Bench Press (Dumbbell)",2,75.0,8.0,0,0.0,
2026-06-02 07:44:42,"Upper Two",49m,"Incline Bench Press (Dumbbell)",3,75.0,7.0,0,0.0,
2026-06-02 07:44:42,"Upper Two",49m,"Incline Bench Press (Dumbbell)",D,75.0,3.0,0,0.0,
2026-06-02 07:44:42,"Upper Two",49m,"Incline Curl (Dumbbell)",1,30.0,9.0,0,0.0,
2026-06-02 07:44:42,"Upper Two",49m,"Incline Curl (Dumbbell)",2,30.0,8.0,0,0.0,
2026-06-02 07:44:42,"Upper Two",49m,"Incline Curl (Dumbbell)",3,30.0,6.0,0,0.0,
2026-06-02 07:44:42,"Upper Two",49m,"Incline Curl (Dumbbell)",D,15.0,8.0,0,0.0,
2026-06-02 07:44:42,"Upper Two",49m,"Lateral Raise (Dumbbell)",1,15.0,11.0,0,0.0,
2026-06-02 07:44:42,"Upper Two",49m,"Lateral Raise (Dumbbell)",2,15.0,11.0,0,0.0,
2026-06-02 07:44:42,"Upper Two",49m,"Lateral Raise (Dumbbell)",3,15.0,9.0,0,0.0,
2026-06-02 07:44:42,"Upper Two",49m,"Seated Row (Machine)",1,73.0,12.0,0,0.0,
2026-06-02 07:44:42,"Upper Two",49m,"Seated Row (Machine)",2,73.0,10.0,0,0.0,
2026-06-02 07:44:42,"Upper Two",49m,"Seated Row (Machine)",3,73.0,9.0,0,0.0,
2026-06-02 07:44:42,"Upper Two",49m,"Triceps Extension (Cable)",1,53.0,10.0,0,0.0,
2026-06-02 07:44:42,"Upper Two",49m,"Triceps Extension (Cable)",2,53.0,7.0,0,0.0,
2026-06-02 07:44:42,"Upper Two",49m,"Triceps Extension (Cable)",3,50.0,7.0,0,0.0,
2026-06-02 07:44:42,"Upper Two",49m,"Triceps Extension (Cable)",D,47.0,2.0,0,0.0,
2026-06-02 07:44:42,"Upper Two",49m,"Bicep Curl (Barbell)",1,65.0,11.0,0,0.0,
2026-06-02 07:44:42,"Upper Two",49m,"Bicep Curl (Barbell)",2,65.0,8.0,0,0.0,
2026-06-02 07:44:42,"Upper Two",49m,"Bicep Curl (Barbell)",3,65.0,8.0,0,0.0,
2026-06-02 07:44:42,"Upper Two",49m,"Bicep Curl (Barbell)",D,65.0,4.0,0,0.0,
2026-06-02 07:44:42,"Upper Two",49m,"Triceps Pushdown (Cable - Straight Bar)",1,60.0,11.0,0,0.0,
2026-06-02 07:44:42,"Upper Two",49m,"Triceps Pushdown (Cable - Straight Bar)",2,60.0,9.0,0,0.0,
2026-06-02 07:44:42,"Upper Two",49m,"Triceps Pushdown (Cable - Straight Bar)",3,60.0,7.0,0,0.0,
2026-06-02 07:44:42,"Upper Two",49m,"Triceps Pushdown (Cable - Straight Bar)",D,53.0,5.0,0,0.0,
2026-06-04 07:31:40,"Lower",39m,"Squat (Barbell)",1,0.0,0.0,0,0.0,
2026-06-04 07:31:40,"Lower",39m,"Squat (Barbell)",2,0.0,0.0,0,0.0,
2026-06-04 07:31:40,"Lower",39m,"Squat (Barbell)",3,0.0,0.0,0,0.0,
2026-06-04 07:31:40,"Lower",39m,"Seated Leg Curl (Machine)",1,0.0,0.0,0,0.0,
2026-06-04 07:31:40,"Lower",39m,"Seated Leg Curl (Machine)",2,0.0,0.0,0,0.0,
2026-06-04 07:31:40,"Lower",39m,"Seated Leg Curl (Machine)",3,0.0,0.0,0,0.0,
2026-06-04 07:31:40,"Lower",39m,"Seated Leg Curl (Machine)",D,0.0,0.0,0,0.0,
2026-06-04 07:31:40,"Lower",39m,"RFE Squat",1,45.0,11.0,0,0.0,
2026-06-04 07:31:40,"Lower",39m,"RFE Squat",2,45.0,10.0,0,0.0,
2026-06-04 07:31:40,"Lower",39m,"RFE Squat",3,45.0,8.0,0,0.0,
2026-06-04 07:31:40,"Lower",39m,"Lying Leg Curl (Machine)",1,140.0,11.0,0,0.0,
2026-06-04 07:31:40,"Lower",39m,"Lying Leg Curl (Machine)",2,140.0,9.0,0,0.0,
2026-06-04 07:31:40,"Lower",39m,"Lying Leg Curl (Machine)",3,140.0,8.0,0,0.0,
2026-06-04 07:31:40,"Lower",39m,"Lying Leg Curl (Machine)",D,140.0,4.0,0,0.0,
2026-06-04 07:31:40,"Lower",39m,"Leg Extension (Machine)",1,240.0,11.0,0,0.0,
2026-06-04 07:31:40,"Lower",39m,"Leg Extension (Machine)",2,240.0,8.0,0,0.0,
2026-06-04 07:31:40,"Lower",39m,"Leg Extension (Machine)",3,240.0,8.0,0,0.0,
2026-06-04 07:31:40,"Lower",39m,"Leg Extension (Machine)",D,220.0,4.0,0,0.0,
2026-06-04 07:31:40,"Lower",39m,"Standing Calf Raise (Smith Machine)",1,225.0,12.0,0,0.0,
2026-06-04 07:31:40,"Lower",39m,"Standing Calf Raise (Smith Machine)",2,225.0,12.0,0,0.0,
2026-06-04 07:31:40,"Lower",39m,"Standing Calf Raise (Smith Machine)",3,225.0,13.0,0,0.0,
2026-06-04 07:31:40,"Lower",39m,"Cable Crunch",1,0.0,0.0,0,0.0,
2026-06-04 07:31:40,"Lower",39m,"Cable Crunch",2,0.0,0.0,0,0.0,
2026-06-04 07:31:40,"Lower",39m,"Cable Crunch",3,0.0,0.0,0,0.0,
2026-06-06 10:06:49,"Upper One",55m,"Bench Press (Barbell)",1,205.0,7.0,0,0.0,
2026-06-06 10:06:49,"Upper One",55m,"Bench Press (Barbell)",2,205.0,7.0,0,0.0,
2026-06-06 10:06:49,"Upper One",55m,"Bench Press (Barbell)",3,205.0,6.0,0,0.0,
2026-06-06 10:06:49,"Upper One",55m,"Cable Crossover",1,13.0,12.0,0,0.0,
2026-06-06 10:06:49,"Upper One",55m,"Cable Crossover",2,13.0,10.0,0,0.0,
2026-06-06 10:06:49,"Upper One",55m,"Cable Crossover",3,13.0,12.0,0,0.0,
2026-06-06 10:06:49,"Upper One",55m,"Lateral Raise (Cable)",1,13.0,7.0,0,0.0,
2026-06-06 10:06:49,"Upper One",55m,"Lateral Raise (Cable)",2,10.0,8.0,0,0.0,
2026-06-06 10:06:49,"Upper One",55m,"Lateral Raise (Cable)",3,10.0,8.0,0,0.0,
2026-06-06 10:06:49,"Upper One",55m,"Pull Up (Assisted)",1,40.0,8.0,0,0.0,
2026-06-06 10:06:49,"Upper One",55m,"Pull Up (Assisted)",2,40.0,7.0,0,0.0,
2026-06-06 10:06:49,"Upper One",55m,"Pull Up (Assisted)",3,40.0,6.0,0,0.0,
2026-06-06 10:06:49,"Upper One",55m,"Triceps Dip (Assisted)",1,0.0,7.0,0,0.0,
2026-06-06 10:06:49,"Upper One",55m,"Triceps Dip (Assisted)",2,0.0,7.0,0,0.0,
2026-06-06 10:06:49,"Upper One",55m,"Triceps Dip (Assisted)",3,0.0,5.0,0,0.0,
2026-06-06 10:06:49,"Upper One",55m,"Seated Row (Cable)",1,153.0,11.0,0,0.0,
2026-06-06 10:06:49,"Upper One",55m,"Seated Row (Cable)",2,165.0,9.0,0,0.0,
2026-06-06 10:06:49,"Upper One",55m,"Seated Row (Cable)",3,165.0,7.0,0,0.0,
2026-06-06 10:06:49,"Upper One",55m,"Bicep Curl (Cable)",1,46.0,8.0,0,0.0,
2026-06-06 10:06:49,"Upper One",55m,"Bicep Curl (Cable)",2,46.0,7.0,0,0.0,
2026-06-06 10:06:49,"Upper One",55m,"Bicep Curl (Cable)",3,46.0,7.0,0,0.0,
2026-06-08 07:49:17,"Lower",38m,"Squat (Barbell)",1,245.0,7.0,0,0.0,
2026-06-08 07:49:17,"Lower",38m,"Squat (Barbell)",2,245.0,7.0,0,0.0,
2026-06-08 07:49:17,"Lower",38m,"Squat (Barbell)",3,245.0,6.0,0,0.0,
2026-06-08 07:49:17,"Lower",38m,"Seated Leg Curl (Machine)",1,176.0,11.0,0,0.0,
2026-06-08 07:49:17,"Lower",38m,"Seated Leg Curl (Machine)",2,176.0,9.0,0,0.0,
2026-06-08 07:49:17,"Lower",38m,"Seated Leg Curl (Machine)",3,176.0,9.0,0,0.0,
2026-06-08 07:49:17,"Lower",38m,"Seated Leg Curl (Machine)",D,176.0,3.0,0,0.0,
2026-06-08 07:49:17,"Lower",38m,"RFE Squat",1,0.0,0.0,0,0.0,
2026-06-08 07:49:17,"Lower",38m,"RFE Squat",2,0.0,0.0,0,0.0,
2026-06-08 07:49:17,"Lower",38m,"RFE Squat",3,0.0,0.0,0,0.0,
2026-06-08 07:49:17,"Lower",38m,"Lying Leg Curl (Machine)",1,0.0,0.0,0,0.0,
2026-06-08 07:49:17,"Lower",38m,"Lying Leg Curl (Machine)",2,0.0,0.0,0,0.0,
2026-06-08 07:49:17,"Lower",38m,"Lying Leg Curl (Machine)",3,0.0,0.0,0,0.0,
2026-06-08 07:49:17,"Lower",38m,"Lying Leg Curl (Machine)",D,0.0,0.0,0,0.0,
2026-06-08 07:49:17,"Lower",38m,"Leg Extension (Machine)",1,240.0,9.0,0,0.0,
2026-06-08 07:49:17,"Lower",38m,"Leg Extension (Machine)",2,240.0,9.0,0,0.0,
2026-06-08 07:49:17,"Lower",38m,"Leg Extension (Machine)",3,240.0,9.0,0,0.0,
2026-06-08 07:49:17,"Lower",38m,"Leg Extension (Machine)",4,220.0,3.0,0,0.0,
2026-06-08 07:49:17,"Lower",38m,"Standing Calf Raise (Smith Machine)",1,0.0,0.0,0,0.0,
2026-06-08 07:49:17,"Lower",38m,"Standing Calf Raise (Smith Machine)",2,0.0,0.0,0,0.0,
2026-06-08 07:49:17,"Lower",38m,"Standing Calf Raise (Smith Machine)",3,0.0,0.0,0,0.0,
2026-06-08 07:49:17,"Lower",38m,"Cable Crunch",1,0.0,0.0,0,0.0,
2026-06-08 07:49:17,"Lower",38m,"Cable Crunch",2,0.0,0.0,0,0.0,
2026-06-08 07:49:17,"Lower",38m,"Cable Crunch",3,0.0,0.0,0,0.0,
2026-06-09 07:45:03,"Upper Two",50m,"Lat Pulldown (Cable)",1,153.0,10.0,0,0.0,
2026-06-09 07:45:03,"Upper Two",50m,"Lat Pulldown (Cable)",2,153.0,8.0,0,0.0,
2026-06-09 07:45:03,"Upper Two",50m,"Lat Pulldown (Cable)",3,153.0,8.0,0,0.0,
2026-06-09 07:45:03,"Upper Two",50m,"Lat Pulldown (Cable)",D,143.0,5.0,0,0.0,
2026-06-09 07:45:03,"Upper Two",50m,"Incline Bench Press (Dumbbell)",1,75.0,10.0,0,0.0,
2026-06-09 07:45:03,"Upper Two",50m,"Incline Bench Press (Dumbbell)",2,75.0,9.0,0,0.0,
2026-06-09 07:45:03,"Upper Two",50m,"Incline Bench Press (Dumbbell)",3,75.0,8.0,0,0.0,
2026-06-09 07:45:03,"Upper Two",50m,"Incline Bench Press (Dumbbell)",D,75.0,3.0,0,0.0,
2026-06-09 07:45:03,"Upper Two",50m,"Incline Curl (Dumbbell)",1,30.0,8.0,0,0.0,
2026-06-09 07:45:03,"Upper Two",50m,"Incline Curl (Dumbbell)",2,30.0,7.0,0,0.0,
2026-06-09 07:45:03,"Upper Two",50m,"Incline Curl (Dumbbell)",3,30.0,7.0,0,0.0,
2026-06-09 07:45:03,"Upper Two",50m,"Lateral Raise (Dumbbell)",1,15.0,11.0,0,0.0,
2026-06-09 07:45:03,"Upper Two",50m,"Lateral Raise (Dumbbell)",2,15.0,11.0,0,0.0,
2026-06-09 07:45:03,"Upper Two",50m,"Lateral Raise (Dumbbell)",3,15.0,9.0,0,0.0,
2026-06-09 07:45:03,"Upper Two",50m,"Seated Row (Machine)",1,77.0,11.0,0,0.0,
2026-06-09 07:45:03,"Upper Two",50m,"Seated Row (Machine)",2,77.0,10.0,0,0.0,
2026-06-09 07:45:03,"Upper Two",50m,"Seated Row (Machine)",3,77.0,9.0,0,0.0,
2026-06-09 07:45:03,"Upper Two",50m,"Triceps Extension (Cable)",1,53.0,10.0,0,0.0,
2026-06-09 07:45:03,"Upper Two",50m,"Triceps Extension (Cable)",2,53.0,8.0,0,0.0,
2026-06-09 07:45:03,"Upper Two",50m,"Triceps Extension (Cable)",3,53.0,7.0,0,0.0,
2026-06-09 07:45:03,"Upper Two",50m,"Bicep Curl (Barbell)",1,65.0,10.0,0,0.0,
2026-06-09 07:45:03,"Upper Two",50m,"Bicep Curl (Barbell)",2,65.0,8.0,0,0.0,
2026-06-09 07:45:03,"Upper Two",50m,"Bicep Curl (Barbell)",3,65.0,8.0,0,0.0,
2026-06-09 07:45:03,"Upper Two",50m,"Bicep Curl (Barbell)",4,65.0,7.0,0,0.0,
2026-06-09 07:45:03,"Upper Two",50m,"Triceps Pushdown (Cable - Straight Bar)",1,60.0,11.0,0,0.0,
2026-06-09 07:45:03,"Upper Two",50m,"Triceps Pushdown (Cable - Straight Bar)",2,60.0,9.0,0,0.0,
2026-06-09 07:45:03,"Upper Two",50m,"Triceps Pushdown (Cable - Straight Bar)",3,60.0,7.0,0,0.0,
2026-06-09 07:45:03,"Upper Two",50m,"Triceps Pushdown (Cable - Straight Bar)",4,60.0,6.0,0,0.0,
2026-06-16 07:34:22,"Upper One",52m,"Bench Press (Barbell)",1,205.0,7.0,0,0.0,
2026-06-16 07:34:22,"Upper One",52m,"Bench Press (Barbell)",2,205.0,7.0,0,0.0,
2026-06-16 07:34:22,"Upper One",52m,"Bench Press (Barbell)",3,205.0,5.0,0,0.0,
2026-06-16 07:34:22,"Upper One",52m,"Cable Crossover",1,13.0,12.0,0,0.0,
2026-06-16 07:34:22,"Upper One",52m,"Cable Crossover",2,13.0,10.0,0,0.0,
2026-06-16 07:34:22,"Upper One",52m,"Cable Crossover",3,13.0,9.0,0,0.0,
2026-06-16 07:34:22,"Upper One",52m,"Lateral Raise (Cable)",1,10.0,10.0,0,0.0,
2026-06-16 07:34:22,"Upper One",52m,"Lateral Raise (Cable)",2,10.0,9.0,0,0.0,
2026-06-16 07:34:22,"Upper One",52m,"Lateral Raise (Cable)",3,10.0,8.0,0,0.0,
2026-06-16 07:34:22,"Upper One",52m,"Pull Up (Assisted)",1,40.0,8.0,0,0.0,
2026-06-16 07:34:22,"Upper One",52m,"Pull Up (Assisted)",2,40.0,7.0,0,0.0,
2026-06-16 07:34:22,"Upper One",52m,"Pull Up (Assisted)",3,40.0,7.0,0,0.0,
2026-06-16 07:34:22,"Upper One",52m,"Triceps Extension (Cable)",1,53.0,10.0,0,0.0,
2026-06-16 07:34:22,"Upper One",52m,"Triceps Extension (Cable)",2,53.0,8.0,0,0.0,
2026-06-16 07:34:22,"Upper One",52m,"Triceps Extension (Cable)",3,53.0,7.0,0,0.0,
2026-06-16 07:34:22,"Upper One",52m,"Seated Row (Cable)",1,165.0,8.0,0,0.0,
2026-06-16 07:34:22,"Upper One",52m,"Seated Row (Cable)",2,153.0,8.0,0,0.0,
2026-06-16 07:34:22,"Upper One",52m,"Seated Row (Cable)",3,153.0,7.0,0,0.0,
2026-06-16 07:34:22,"Upper One",52m,"Seated Row (Cable)",D,143.0,4.0,0,0.0,
2026-06-16 07:34:22,"Upper One",52m,"Bicep Curl (Cable)",1,50.0,8.0,0,0.0,
2026-06-16 07:34:22,"Upper One",52m,"Bicep Curl (Cable)",2,50.0,6.0,0,0.0,
2026-06-16 07:34:22,"Upper One",52m,"Bicep Curl (Cable)",3,45.0,8.0,0,0.0,
2026-06-16 07:34:22,"Upper One",52m,"Bicep Curl (Cable)",D,45.0,5.0,0,0.0,
2026-06-22 07:42:52,"Lower",44m,"Squat (Barbell)",1,245.0,7.0,0,0.0,
2026-06-22 07:42:52,"Lower",44m,"Squat (Barbell)",2,245.0,7.0,0,0.0,
2026-06-22 07:42:52,"Lower",44m,"Squat (Barbell)",3,245.0,6.0,0,0.0,
2026-06-22 07:42:52,"Lower",44m,"Seated Leg Curl (Machine)",1,187.0,8.0,0,0.0,
2026-06-22 07:42:52,"Lower",44m,"Seated Leg Curl (Machine)",2,187.0,8.0,0,0.0,
2026-06-22 07:42:52,"Lower",44m,"Seated Leg Curl (Machine)",3,187.0,7.0,0,0.0,
2026-06-22 07:42:52,"Lower",44m,"RFE Squat",1,0.0,0.0,0,0.0,
2026-06-22 07:42:52,"Lower",44m,"RFE Squat",2,0.0,0.0,0,0.0,
2026-06-22 07:42:52,"Lower",44m,"RFE Squat",3,0.0,0.0,0,0.0,
2026-06-22 07:42:52,"Lower",44m,"Romanian Deadlift (Dumbbell)",1,0.0,0.0,0,0.0,
2026-06-22 07:42:52,"Lower",44m,"Romanian Deadlift (Dumbbell)",2,0.0,0.0,0,0.0,
2026-06-22 07:42:52,"Lower",44m,"Romanian Deadlift (Dumbbell)",3,0.0,0.0,0,0.0,
2026-06-22 07:42:52,"Lower",44m,"Leg Extension (Machine)",1,240.0,10.0,0,0.0,
2026-06-22 07:42:52,"Lower",44m,"Leg Extension (Machine)",2,240.0,9.0,0,0.0,
2026-06-22 07:42:52,"Lower",44m,"Leg Extension (Machine)",3,240.0,7.0,0,0.0,
2026-06-22 07:42:52,"Lower",44m,"Standing Calf Raise (Smith Machine)",1,0.0,0.0,0,0.0,
2026-06-22 07:42:52,"Lower",44m,"Standing Calf Raise (Smith Machine)",2,0.0,0.0,0,0.0,
2026-06-22 07:42:52,"Lower",44m,"Standing Calf Raise (Smith Machine)",3,0.0,0.0,0,0.0,
2026-06-22 07:42:52,"Lower",44m,"Cable Crunch",1,82.5,9.0,0,0.0,
2026-06-22 07:42:52,"Lower",44m,"Cable Crunch",2,82.5,6.0,0,0.0,
2026-06-22 07:42:52,"Lower",44m,"Cable Crunch",3,71.5,7.0,0,0.0,
2026-06-23 07:42:02,"Upper Two",45m,"Lat Pulldown (Cable)",1,165.0,8.0,0,0.0,
2026-06-23 07:42:02,"Upper Two",45m,"Lat Pulldown (Cable)",2,165.0,8.0,0,0.0,
2026-06-23 07:42:02,"Upper Two",45m,"Lat Pulldown (Cable)",3,165.0,9.0,0,0.0,
2026-06-23 07:42:02,"Upper Two",45m,"Incline Bench Press (Dumbbell)",1,80.0,8.0,0,0.0,
2026-06-23 07:42:02,"Upper Two",45m,"Incline Bench Press (Dumbbell)",2,80.0,8.0,0,0.0,
2026-06-23 07:42:02,"Upper Two",45m,"Incline Bench Press (Dumbbell)",3,80.0,6.0,0,0.0,
2026-06-23 07:42:02,"Upper Two",45m,"Lateral Raise (Dumbbell)",1,15.0,11.0,0,0.0,
2026-06-23 07:42:02,"Upper Two",45m,"Lateral Raise (Dumbbell)",2,15.0,11.0,0,0.0,
2026-06-23 07:42:02,"Upper Two",45m,"Lateral Raise (Dumbbell)",3,15.0,8.0,0,0.0,
2026-06-23 07:42:02,"Upper Two",45m,"Incline Curl (Dumbbell)",1,30.0,8.0,0,0.0,
2026-06-23 07:42:02,"Upper Two",45m,"Incline Curl (Dumbbell)",2,30.0,7.0,0,0.0,
2026-06-23 07:42:02,"Upper Two",45m,"Incline Curl (Dumbbell)",3,30.0,7.0,0,0.0,
2026-06-23 07:42:02,"Upper Two",45m,"Seated Row (Machine)",1,55.0,8.0,0,0.0,
2026-06-23 07:42:02,"Upper Two",45m,"Seated Row (Machine)",2,55.0,7.0,0,0.0,
2026-06-23 07:42:02,"Upper Two",45m,"Seated Row (Machine)",3,55.0,6.0,0,0.0,
2026-06-23 07:42:02,"Upper Two",45m,"Triceps Pushdown (Cable - Straight Bar)",1,57.0,12.0,0,0.0,
2026-06-23 07:42:02,"Upper Two",45m,"Triceps Pushdown (Cable - Straight Bar)",2,57.0,10.0,0,0.0,
2026-06-23 07:42:02,"Upper Two",45m,"Triceps Pushdown (Cable - Straight Bar)",3,57.0,11.0,0,0.0,
2026-06-23 07:42:02,"Upper Two",45m,"Bicep Curl (Barbell)",1,65.0,9.0,0,0.0,
2026-06-23 07:42:02,"Upper Two",45m,"Bicep Curl (Barbell)",2,65.0,8.0,0,0.0,
2026-06-23 07:42:02,"Upper Two",45m,"Bicep Curl (Barbell)",3,65.0,7.0,0,0.0,
2026-06-25 07:49:06,"Lower",33m,"Squat (Barbell)",1,0.0,0.0,0,0.0,
2026-06-25 07:49:06,"Lower",33m,"Squat (Barbell)",2,0.0,0.0,0,0.0,
2026-06-25 07:49:06,"Lower",33m,"Squat (Barbell)",3,0.0,0.0,0,0.0,
2026-06-25 07:49:06,"Lower",33m,"Seated Leg Curl (Machine)",1,0.0,0.0,0,0.0,
2026-06-25 07:49:06,"Lower",33m,"Seated Leg Curl (Machine)",2,0.0,0.0,0,0.0,
2026-06-25 07:49:06,"Lower",33m,"Seated Leg Curl (Machine)",3,0.0,0.0,0,0.0,
2026-06-25 07:49:06,"Lower",33m,"RFE Squat",1,45.0,8.0,0,0.0,
2026-06-25 07:49:06,"Lower",33m,"RFE Squat",2,45.0,8.0,0,0.0,
2026-06-25 07:49:06,"Lower",33m,"RFE Squat",3,45.0,7.0,0,0.0,
2026-06-25 07:49:06,"Lower",33m,"Romanian Deadlift (Dumbbell)",1,45.0,9.0,0,0.0,
2026-06-25 07:49:06,"Lower",33m,"Romanian Deadlift (Dumbbell)",2,45.0,8.0,0,0.0,
2026-06-25 07:49:06,"Lower",33m,"Romanian Deadlift (Dumbbell)",3,45.0,8.0,0,0.0,
2026-06-25 07:49:06,"Lower",33m,"Leg Extension (Machine)",1,240.0,10.0,0,0.0,
2026-06-25 07:49:06,"Lower",33m,"Leg Extension (Machine)",2,240.0,10.0,0,0.0,
2026-06-25 07:49:06,"Lower",33m,"Leg Extension (Machine)",3,240.0,9.0,0,0.0,
2026-06-25 07:49:06,"Lower",33m,"Standing Calf Raise (Smith Machine)",1,245.0,11.0,0,0.0,
2026-06-25 07:49:06,"Lower",33m,"Standing Calf Raise (Smith Machine)",2,245.0,10.0,0,0.0,
2026-06-25 07:49:06,"Lower",33m,"Standing Calf Raise (Smith Machine)",3,245.0,12.0,0,0.0,
2026-06-25 07:49:06,"Lower",33m,"Cable Crunch",1,0.0,0.0,0,0.0,
2026-06-25 07:49:06,"Lower",33m,"Cable Crunch",2,0.0,0.0,0,0.0,
2026-06-25 07:49:06,"Lower",33m,"Cable Crunch",3,0.0,0.0,0,0.0,
2026-06-27 10:37:13,"Upper One",1h 2m,"Bench Press (Barbell)",1,205.0,8.0,0,0.0,
2026-06-27 10:37:13,"Upper One",1h 2m,"Bench Press (Barbell)",2,205.0,7.0,0,0.0,
2026-06-27 10:37:13,"Upper One",1h 2m,"Bench Press (Barbell)",3,205.0,5.0,0,0.0,
2026-06-27 10:37:13,"Upper One",1h 2m,"Seated Row (Cable)",1,153.0,10.0,0,0.0,
2026-06-27 10:37:13,"Upper One",1h 2m,"Seated Row (Cable)",2,153.0,9.0,0,0.0,
2026-06-27 10:37:13,"Upper One",1h 2m,"Seated Row (Cable)",3,153.0,9.0,0,0.0,
2026-06-27 10:37:13,"Upper One",1h 2m,"Pull Up (Assisted)",1,20.0,8.0,0,0.0,
2026-06-27 10:37:13,"Upper One",1h 2m,"Pull Up (Assisted)",2,20.0,6.0,0,0.0,
2026-06-27 10:37:13,"Upper One",1h 2m,"Pull Up (Assisted)",3,40.0,7.0,0,0.0,
2026-06-27 10:37:13,"Upper One",1h 2m,"Cable Crossover",1,17.0,11.0,0,0.0,
2026-06-27 10:37:13,"Upper One",1h 2m,"Cable Crossover",2,17.0,10.0,0,0.0,
2026-06-27 10:37:13,"Upper One",1h 2m,"Cable Crossover",3,17.0,8.0,0,0.0,
2026-06-27 10:37:13,"Upper One",1h 2m,"Triceps Extension (Cable)",1,53.0,9.0,0,0.0,
2026-06-27 10:37:13,"Upper One",1h 2m,"Triceps Extension (Cable)",2,53.0,7.0,0,0.0,
2026-06-27 10:37:13,"Upper One",1h 2m,"Triceps Extension (Cable)",3,50.0,7.0,0,0.0,
2026-06-27 10:37:13,"Upper One",1h 2m,"Lateral Raise (Cable)",1,10.0,10.0,0,0.0,
2026-06-27 10:37:13,"Upper One",1h 2m,"Lateral Raise (Cable)",2,10.0,9.0,0,0.0,
2026-06-27 10:37:13,"Upper One",1h 2m,"Lateral Raise (Cable)",3,10.0,8.0,0,0.0,
2026-06-27 10:37:13,"Upper One",1h 2m,"Bicep Curl (Cable)",1,46.0,10.0,0,0.0,
2026-06-27 10:37:13,"Upper One",1h 2m,"Bicep Curl (Cable)",2,46.0,9.0,0,0.0,
2026-06-27 10:37:13,"Upper One",1h 2m,"Bicep Curl (Cable)",3,46.0,7.0,0,0.0,
2026-06-29 07:40:48,"Lower",44m,"Squat (Barbell)",1,245.0,8.0,0,0.0,
2026-06-29 07:40:48,"Lower",44m,"Squat (Barbell)",2,245.0,7.0,0,0.0,
2026-06-29 07:40:48,"Lower",44m,"Squat (Barbell)",3,245.0,7.0,0,0.0,
2026-06-29 07:40:48,"Lower",44m,"Seated Leg Curl (Machine)",1,187.0,9.0,0,0.0,
2026-06-29 07:40:48,"Lower",44m,"Seated Leg Curl (Machine)",2,187.0,8.0,0,0.0,
2026-06-29 07:40:48,"Lower",44m,"Seated Leg Curl (Machine)",3,187.0,6.0,0,0.0,
2026-06-29 07:40:48,"Lower",44m,"RFE Squat",1,0.0,0.0,0,0.0,
2026-06-29 07:40:48,"Lower",44m,"RFE Squat",2,0.0,0.0,0,0.0,
2026-06-29 07:40:48,"Lower",44m,"RFE Squat",3,0.0,0.0,0,0.0,
2026-06-29 07:40:48,"Lower",44m,"Romanian Deadlift (Dumbbell)",1,0.0,0.0,0,0.0,
2026-06-29 07:40:48,"Lower",44m,"Romanian Deadlift (Dumbbell)",2,0.0,0.0,0,0.0,
2026-06-29 07:40:48,"Lower",44m,"Romanian Deadlift (Dumbbell)",3,0.0,0.0,0,0.0,
2026-06-29 07:40:48,"Lower",44m,"Leg Extension (Machine)",1,240.0,10.0,0,0.0,
2026-06-29 07:40:48,"Lower",44m,"Leg Extension (Machine)",2,240.0,8.0,0,0.0,
2026-06-29 07:40:48,"Lower",44m,"Leg Extension (Machine)",3,240.0,7.0,0,0.0,
2026-06-29 07:40:48,"Lower",44m,"Standing Calf Raise (Smith Machine)",1,0.0,0.0,0,0.0,
2026-06-29 07:40:48,"Lower",44m,"Standing Calf Raise (Smith Machine)",2,0.0,0.0,0,0.0,
2026-06-29 07:40:48,"Lower",44m,"Standing Calf Raise (Smith Machine)",3,0.0,0.0,0,0.0,
2026-06-29 07:40:48,"Lower",44m,"Cable Crunch",1,0.0,0.0,0,0.0,
2026-06-29 07:40:48,"Lower",44m,"Cable Crunch",2,0.0,0.0,0,0.0,
2026-06-29 07:40:48,"Lower",44m,"Cable Crunch",3,0.0,0.0,0,0.0,
2026-06-30 07:53:06,"Upper Two",46m,"Lat Pulldown (Cable)",1,165.0,8.0,0,0.0,
2026-06-30 07:53:06,"Upper Two",46m,"Lat Pulldown (Cable)",2,165.0,8.0,0,0.0,
2026-06-30 07:53:06,"Upper Two",46m,"Lat Pulldown (Cable)",3,165.0,7.0,0,0.0,
2026-06-30 07:53:06,"Upper Two",46m,"Incline Bench Press (Dumbbell)",1,80.0,8.0,0,0.0,
2026-06-30 07:53:06,"Upper Two",46m,"Incline Bench Press (Dumbbell)",2,80.0,8.0,0,0.0,
2026-06-30 07:53:06,"Upper Two",46m,"Incline Bench Press (Dumbbell)",3,80.0,7.0,0,0.0,
2026-06-30 07:53:06,"Upper Two",46m,"Lateral Raise (Dumbbell)",1,15.0,11.0,0,0.0,
2026-06-30 07:53:06,"Upper Two",46m,"Lateral Raise (Dumbbell)",2,15.0,11.0,0,0.0,
2026-06-30 07:53:06,"Upper Two",46m,"Lateral Raise (Dumbbell)",3,15.0,9.0,0,0.0,
2026-06-30 07:53:06,"Upper Two",46m,"Incline Curl (Dumbbell)",1,30.0,8.0,0,0.0,
2026-06-30 07:53:06,"Upper Two",46m,"Incline Curl (Dumbbell)",2,30.0,8.0,0,0.0,
2026-06-30 07:53:06,"Upper Two",46m,"Incline Curl (Dumbbell)",3,30.0,6.0,0,0.0,
2026-06-30 07:53:06,"Upper Two",46m,"Seated Row (Machine)",1,55.0,8.0,0,0.0,
2026-06-30 07:53:06,"Upper Two",46m,"Seated Row (Machine)",2,55.0,8.0,0,0.0,
2026-06-30 07:53:06,"Upper Two",46m,"Seated Row (Machine)",3,55.0,7.0,0,0.0,
2026-06-30 07:53:06,"Upper Two",46m,"Triceps Pushdown (Cable - Straight Bar)",1,60.0,12.0,0,0.0,
2026-06-30 07:53:06,"Upper Two",46m,"Triceps Pushdown (Cable - Straight Bar)",2,60.0,10.0,0,0.0,
2026-06-30 07:53:06,"Upper Two",46m,"Triceps Pushdown (Cable - Straight Bar)",3,60.0,8.0,0,0.0,
2026-06-30 07:53:06,"Upper Two",46m,"Bicep Curl (Barbell)",1,65.0,10.0,0,0.0,
2026-06-30 07:53:06,"Upper Two",46m,"Bicep Curl (Barbell)",2,65.0,9.0,0,0.0,
2026-06-30 07:53:06,"Upper Two",46m,"Bicep Curl (Barbell)",3,65.0,7.0,0,0.0,
2026-07-02 07:54:32,"Lower",34m,"Squat (Barbell)",1,0.0,0.0,0,0.0,
2026-07-02 07:54:32,"Lower",34m,"Squat (Barbell)",2,0.0,0.0,0,0.0,
2026-07-02 07:54:32,"Lower",34m,"Squat (Barbell)",3,0.0,0.0,0,0.0,
2026-07-02 07:54:32,"Lower",34m,"Seated Leg Curl (Machine)",1,0.0,0.0,0,0.0,
2026-07-02 07:54:32,"Lower",34m,"Seated Leg Curl (Machine)",2,0.0,0.0,0,0.0,
2026-07-02 07:54:32,"Lower",34m,"Seated Leg Curl (Machine)",3,0.0,0.0,0,0.0,
2026-07-02 07:54:32,"Lower",34m,"RFE Squat",1,50.0,8.0,0,0.0,
2026-07-02 07:54:32,"Lower",34m,"RFE Squat",2,50.0,8.0,0,0.0,
2026-07-02 07:54:32,"Lower",34m,"RFE Squat",3,50.0,6.0,0,0.0,
2026-07-02 07:54:32,"Lower",34m,"Romanian Deadlift (Dumbbell)",1,50.0,8.0,0,0.0,
2026-07-02 07:54:32,"Lower",34m,"Romanian Deadlift (Dumbbell)",2,50.0,8.0,0,0.0,
2026-07-02 07:54:32,"Lower",34m,"Romanian Deadlift (Dumbbell)",3,50.0,7.0,0,0.0,
2026-07-02 07:54:32,"Lower",34m,"Leg Extension (Machine)",1,240.0,10.0,0,0.0,
2026-07-02 07:54:32,"Lower",34m,"Leg Extension (Machine)",2,240.0,10.0,0,0.0,
2026-07-02 07:54:32,"Lower",34m,"Leg Extension (Machine)",3,240.0,8.0,0,0.0,
2026-07-02 07:54:32,"Lower",34m,"Standing Calf Raise (Smith Machine)",1,245.0,12.0,0,0.0,
2026-07-02 07:54:32,"Lower",34m,"Standing Calf Raise (Smith Machine)",2,245.0,10.0,0,0.0,
2026-07-02 07:54:32,"Lower",34m,"Standing Calf Raise (Smith Machine)",3,245.0,8.0,0,0.0,
2026-07-02 07:54:32,"Lower",34m,"Cable Crunch",1,0.0,0.0,0,0.0,
2026-07-02 07:54:32,"Lower",34m,"Cable Crunch",2,0.0,0.0,0,0.0,
2026-07-02 07:54:32,"Lower",34m,"Cable Crunch",3,0.0,0.0,0,0.0,
2026-07-06 07:47:28,"Upper One",58m,"Bench Press (Barbell)",1,205.0,8.0,0,0.0,
2026-07-06 07:47:28,"Upper One",58m,"Bench Press (Barbell)",2,205.0,7.0,0,0.0,
2026-07-06 07:47:28,"Upper One",58m,"Bench Press (Barbell)",3,205.0,6.0,0,0.0,
2026-07-06 07:47:28,"Upper One",58m,"Seated Row (Cable)",1,153.0,10.0,0,0.0,
2026-07-06 07:47:28,"Upper One",58m,"Seated Row (Cable)",2,153.0,9.0,0,0.0,
2026-07-06 07:47:28,"Upper One",58m,"Seated Row (Cable)",3,153.0,10.0,0,0.0,
2026-07-06 07:47:28,"Upper One",58m,"Pull Up (Assisted)",1,20.0,7.0,0,0.0,
2026-07-06 07:47:28,"Upper One",58m,"Pull Up (Assisted)",2,20.0,6.0,0,0.0,
2026-07-06 07:47:28,"Upper One",58m,"Pull Up (Assisted)",3,40.0,8.0,0,0.0,
2026-07-06 07:47:28,"Upper One",58m,"Cable Crossover",1,17.0,12.0,0,0.0,
2026-07-06 07:47:28,"Upper One",58m,"Cable Crossover",2,17.0,11.0,0,0.0,
2026-07-06 07:47:28,"Upper One",58m,"Cable Crossover",3,17.0,8.0,0,0.0,
2026-07-06 07:47:28,"Upper One",58m,"Triceps Extension (Cable)",1,50.0,10.0,0,0.0,
2026-07-06 07:47:28,"Upper One",58m,"Triceps Extension (Cable)",2,50.0,8.0,0,0.0,
2026-07-06 07:47:28,"Upper One",58m,"Triceps Extension (Cable)",3,50.0,7.0,0,0.0,
2026-07-06 07:47:28,"Upper One",58m,"Lateral Raise (Cable)",1,10.0,10.0,0,0.0,
2026-07-06 07:47:28,"Upper One",58m,"Lateral Raise (Cable)",2,10.0,9.0,0,0.0,
2026-07-06 07:47:28,"Upper One",58m,"Lateral Raise (Cable)",3,10.0,8.0,0,0.0,
2026-07-06 07:47:28,"Upper One",58m,"Bicep Curl (Cable)",1,46.0,10.0,0,0.0,
2026-07-06 07:47:28,"Upper One",58m,"Bicep Curl (Cable)",2,46.0,9.0,0,0.0,
2026-07-06 07:47:28,"Upper One",58m,"Bicep Curl (Cable)",3,46.0,8.0,0,0.0,
2026-07-07 07:58:39,"Lower",37m,"Squat (Barbell)",1,245.0,8.0,0,0.0,
2026-07-07 07:58:39,"Lower",37m,"Squat (Barbell)",2,245.0,8.0,0,0.0,
2026-07-07 07:58:39,"Lower",37m,"Squat (Barbell)",3,245.0,7.0,0,0.0,
2026-07-07 07:58:39,"Lower",37m,"Seated Leg Curl (Machine)",1,187.0,9.0,0,0.0,
2026-07-07 07:58:39,"Lower",37m,"Seated Leg Curl (Machine)",2,187.0,8.0,0,0.0,
2026-07-07 07:58:39,"Lower",37m,"Seated Leg Curl (Machine)",3,187.0,7.0,0,0.0,
2026-07-07 07:58:39,"Lower",37m,"RFE Squat",1,0.0,0.0,0,0.0,
2026-07-07 07:58:39,"Lower",37m,"RFE Squat",2,0.0,0.0,0,0.0,
2026-07-07 07:58:39,"Lower",37m,"RFE Squat",3,0.0,0.0,0,0.0,
2026-07-07 07:58:39,"Lower",37m,"Romanian Deadlift (Dumbbell)",1,0.0,0.0,0,0.0,
2026-07-07 07:58:39,"Lower",37m,"Romanian Deadlift (Dumbbell)",2,0.0,0.0,0,0.0,
2026-07-07 07:58:39,"Lower",37m,"Romanian Deadlift (Dumbbell)",3,0.0,0.0,0,0.0,
2026-07-07 07:58:39,"Lower",37m,"Leg Extension (Machine)",1,240.0,10.0,0,0.0,
2026-07-07 07:58:39,"Lower",37m,"Leg Extension (Machine)",2,240.0,10.0,0,0.0,
2026-07-07 07:58:39,"Lower",37m,"Leg Extension (Machine)",3,240.0,9.0,0,0.0,
2026-07-07 07:58:39,"Lower",37m,"Standing Calf Raise (Smith Machine)",1,0.0,0.0,0,0.0,
2026-07-07 07:58:39,"Lower",37m,"Standing Calf Raise (Smith Machine)",2,0.0,0.0,0,0.0,
2026-07-07 07:58:39,"Lower",37m,"Standing Calf Raise (Smith Machine)",3,0.0,0.0,0,0.0,
2026-07-07 07:58:39,"Lower",37m,"Cable Crunch",1,0.0,0.0,0,0.0,
2026-07-07 07:58:39,"Lower",37m,"Cable Crunch",2,0.0,0.0,0,0.0,
2026-07-07 07:58:39,"Lower",37m,"Cable Crunch",3,0.0,0.0,0,0.0,
2026-07-09 07:31:01,"Upper Two",53m,"Lat Pulldown (Cable)",1,158.0,9.0,0,0.0,
2026-07-09 07:31:01,"Upper Two",53m,"Lat Pulldown (Cable)",2,158.0,8.0,0,0.0,
2026-07-09 07:31:01,"Upper Two",53m,"Lat Pulldown (Cable)",3,158.0,8.0,0,0.0,
2026-07-09 07:31:01,"Upper Two",53m,"Incline Bench Press (Dumbbell)",1,80.0,8.0,0,0.0,
2026-07-09 07:31:01,"Upper Two",53m,"Incline Bench Press (Dumbbell)",2,80.0,8.0,0,0.0,
2026-07-09 07:31:01,"Upper Two",53m,"Incline Bench Press (Dumbbell)",3,80.0,7.0,0,0.0,
2026-07-09 07:31:01,"Upper Two",53m,"Lateral Raise (Dumbbell)",1,15.0,11.0,0,0.0,
2026-07-09 07:31:01,"Upper Two",53m,"Lateral Raise (Dumbbell)",2,15.0,11.0,0,0.0,
2026-07-09 07:31:01,"Upper Two",53m,"Lateral Raise (Dumbbell)",3,15.0,11.0,0,0.0,
2026-07-09 07:31:01,"Upper Two",53m,"Incline Curl (Dumbbell)",1,30.0,8.0,0,0.0,
2026-07-09 07:31:01,"Upper Two",53m,"Incline Curl (Dumbbell)",2,30.0,8.0,0,0.0,
2026-07-09 07:31:01,"Upper Two",53m,"Incline Curl (Dumbbell)",3,30.0,7.0,0,0.0,
2026-07-09 07:31:01,"Upper Two",53m,"Seated Row (Machine)",1,55.0,8.0,0,0.0,
2026-07-09 07:31:01,"Upper Two",53m,"Seated Row (Machine)",2,55.0,8.0,0,0.0,
2026-07-09 07:31:01,"Upper Two",53m,"Seated Row (Machine)",3,55.0,8.0,0,0.0,
2026-07-09 07:31:01,"Upper Two",53m,"Triceps Pushdown (Cable - Straight Bar)",1,63.0,10.0,0,0.0,
2026-07-09 07:31:01,"Upper Two",53m,"Triceps Pushdown (Cable - Straight Bar)",2,63.0,10.0,0,0.0,
2026-07-09 07:31:01,"Upper Two",53m,"Triceps Pushdown (Cable - Straight Bar)",3,63.0,10.0,0,0.0,
2026-07-09 07:31:01,"Upper Two",53m,"Bicep Curl (Barbell)",1,65.0,10.0,0,0.0,
2026-07-09 07:31:01,"Upper Two",53m,"Bicep Curl (Barbell)",2,65.0,10.0,0,0.0,
2026-07-09 07:31:01,"Upper Two",53m,"Bicep Curl (Barbell)",3,65.0,10.0,0,0.0,
2026-07-18 08:21:06,"Upper One",1h,"Bench Press (Barbell)",1,205.0,8.0,0,0.0,
2026-07-18 08:21:06,"Upper One",1h,"Bench Press (Barbell)",2,205.0,7.0,0,0.0,
2026-07-18 08:21:06,"Upper One",1h,"Bench Press (Barbell)",3,205.0,7.0,0,0.0,
2026-07-18 08:21:06,"Upper One",1h,"Seated Row (Cable)",1,153.0,11.0,0,0.0,
2026-07-18 08:21:06,"Upper One",1h,"Seated Row (Cable)",2,153.0,10.0,0,0.0,
2026-07-18 08:21:06,"Upper One",1h,"Seated Row (Cable)",3,153.0,9.0,0,0.0,
2026-07-18 08:21:06,"Upper One",1h,"Pull Up (Assisted)",1,20.0,7.0,0,0.0,
2026-07-18 08:21:06,"Upper One",1h,"Pull Up (Assisted)",2,40.0,7.0,0,0.0,
2026-07-18 08:21:06,"Upper One",1h,"Pull Up (Assisted)",3,40.0,7.0,0,0.0,
2026-07-18 08:21:06,"Upper One",1h,"Cable Crossover",1,17.0,12.0,0,0.0,
2026-07-18 08:21:06,"Upper One",1h,"Cable Crossover",2,17.0,11.0,0,0.0,
2026-07-18 08:21:06,"Upper One",1h,"Cable Crossover",3,17.0,10.0,0,0.0,
2026-07-18 08:21:06,"Upper One",1h,"Triceps Extension (Cable)",1,55.0,10.0,0,0.0,
2026-07-18 08:21:06,"Upper One",1h,"Triceps Extension (Cable)",2,50.0,9.0,0,0.0,
2026-07-18 08:21:06,"Upper One",1h,"Triceps Extension (Cable)",3,50.0,7.0,0,0.0,
2026-07-18 08:21:06,"Upper One",1h,"Lateral Raise (Cable)",1,10.0,10.0,0,0.0,
2026-07-18 08:21:06,"Upper One",1h,"Lateral Raise (Cable)",2,10.0,9.0,0,0.0,
2026-07-18 08:21:06,"Upper One",1h,"Lateral Raise (Cable)",3,10.0,9.0,0,0.0,
2026-07-18 08:21:06,"Upper One",1h,"Bicep Curl (Cable)",1,46.0,9.0,0,0.0,
2026-07-18 08:21:06,"Upper One",1h,"Bicep Curl (Cable)",2,46.0,9.0,0,0.0,
2026-07-18 08:21:06,"Upper One",1h,"Bicep Curl (Cable)",3,46.0,7.0,0,0.0,
2026-07-19 12:38:43,"Lower",18h 55m,"Squat (Barbell)",1,245.0,8.0,0,0.0,
2026-07-19 12:38:43,"Lower",18h 55m,"Squat (Barbell)",2,245.0,8.0,0,0.0,
2026-07-19 12:38:43,"Lower",18h 55m,"Squat (Barbell)",3,245.0,7.0,0,0.0,
2026-07-19 12:38:43,"Lower",18h 55m,"Seated Leg Curl (Machine)",1,187.0,8.0,0,0.0,
2026-07-19 12:38:43,"Lower",18h 55m,"Seated Leg Curl (Machine)",2,187.0,8.0,0,0.0,
2026-07-19 12:38:43,"Lower",18h 55m,"Seated Leg Curl (Machine)",3,187.0,7.0,0,0.0,
2026-07-19 12:38:43,"Lower",18h 55m,"RFE Squat",1,0.0,0.0,0,0.0,
2026-07-19 12:38:43,"Lower",18h 55m,"RFE Squat",2,0.0,0.0,0,0.0,
2026-07-19 12:38:43,"Lower",18h 55m,"RFE Squat",3,0.0,0.0,0,0.0,
2026-07-19 12:38:43,"Lower",18h 55m,"Romanian Deadlift (Dumbbell)",1,0.0,0.0,0,0.0,
2026-07-19 12:38:43,"Lower",18h 55m,"Romanian Deadlift (Dumbbell)",2,0.0,0.0,0,0.0,
2026-07-19 12:38:43,"Lower",18h 55m,"Romanian Deadlift (Dumbbell)",3,0.0,0.0,0,0.0,
2026-07-19 12:38:43,"Lower",18h 55m,"Leg Extension (Machine)",1,240.0,10.0,0,0.0,
2026-07-19 12:38:43,"Lower",18h 55m,"Leg Extension (Machine)",2,240.0,9.0,0,0.0,
2026-07-19 12:38:43,"Lower",18h 55m,"Leg Extension (Machine)",3,240.0,8.0,0,0.0,
2026-07-19 12:38:43,"Lower",18h 55m,"Standing Calf Raise (Smith Machine)",1,0.0,0.0,0,0.0,
2026-07-19 12:38:43,"Lower",18h 55m,"Standing Calf Raise (Smith Machine)",2,0.0,0.0,0,0.0,
2026-07-19 12:38:43,"Lower",18h 55m,"Standing Calf Raise (Smith Machine)",3,0.0,0.0,0,0.0,
2026-07-19 12:38:43,"Lower",18h 55m,"Cable Crunch",1,0.0,0.0,0,0.0,
2026-07-19 12:38:43,"Lower",18h 55m,"Cable Crunch",2,0.0,0.0,0,0.0,
2026-07-19 12:38:43,"Lower",18h 55m,"Cable Crunch",3,0.0,0.0,0,0.0,
2026-07-20 07:34:06,"Upper Two",47m,"Lat Pulldown (Cable)",1,158.0,10.0,0,0.0,
2026-07-20 07:34:06,"Upper Two",47m,"Lat Pulldown (Cable)",2,158.0,9.0,0,0.0,
2026-07-20 07:34:06,"Upper Two",47m,"Lat Pulldown (Cable)",3,158.0,8.0,0,0.0,
2026-07-20 07:34:06,"Upper Two",47m,"Incline Bench Press (Dumbbell)",1,80.0,8.0,0,0.0,
2026-07-20 07:34:06,"Upper Two",47m,"Incline Bench Press (Dumbbell)",2,80.0,8.0,0,0.0,
2026-07-20 07:34:06,"Upper Two",47m,"Incline Bench Press (Dumbbell)",3,80.0,7.0,0,0.0,
2026-07-20 07:34:06,"Upper Two",47m,"Lateral Raise (Dumbbell)",1,15.0,12.0,0,0.0,
2026-07-20 07:34:06,"Upper Two",47m,"Lateral Raise (Dumbbell)",2,15.0,11.0,0,0.0,
2026-07-20 07:34:06,"Upper Two",47m,"Lateral Raise (Dumbbell)",3,15.0,10.0,0,0.0,
2026-07-20 07:34:06,"Upper Two",47m,"Incline Curl (Dumbbell)",1,30.0,9.0,0,0.0,
2026-07-20 07:34:06,"Upper Two",47m,"Incline Curl (Dumbbell)",2,30.0,7.0,0,0.0,
2026-07-20 07:34:06,"Upper Two",47m,"Incline Curl (Dumbbell)",3,30.0,8.0,0,0.0,
2026-07-20 07:34:06,"Upper Two",47m,"Seated Row (Machine)",1,55.0,9.0,0,0.0,
2026-07-20 07:34:06,"Upper Two",47m,"Seated Row (Machine)",2,55.0,8.0,0,0.0,
2026-07-20 07:34:06,"Upper Two",47m,"Seated Row (Machine)",3,55.0,8.0,0,0.0,
2026-07-20 07:34:06,"Upper Two",47m,"Triceps Pushdown (Cable - Straight Bar)",1,67.0,10.0,0,0.0,
2026-07-20 07:34:06,"Upper Two",47m,"Triceps Pushdown (Cable - Straight Bar)",2,67.0,9.0,0,0.0,
2026-07-20 07:34:06,"Upper Two",47m,"Triceps Pushdown (Cable - Straight Bar)",3,67.0,8.0,0,0.0,
2026-07-20 07:34:06,"Upper Two",47m,"Bicep Curl (Barbell)",1,70.0,8.0,0,0.0,
2026-07-20 07:34:06,"Upper Two",47m,"Bicep Curl (Barbell)",2,70.0,8.0,0,0.0,
2026-07-20 07:34:06,"Upper Two",47m,"Bicep Curl (Barbell)",3,70.0,7.0,0,0.0,
2026-07-21 07:59:07,"Lower",34m,"Squat (Barbell)",1,0.0,0.0,0,0.0,
2026-07-21 07:59:07,"Lower",34m,"Squat (Barbell)",2,0.0,0.0,0,0.0,
2026-07-21 07:59:07,"Lower",34m,"Squat (Barbell)",3,0.0,0.0,0,0.0,
2026-07-21 07:59:07,"Lower",34m,"Seated Leg Curl (Machine)",1,0.0,0.0,0,0.0,
2026-07-21 07:59:07,"Lower",34m,"Seated Leg Curl (Machine)",2,0.0,0.0,0,0.0,
2026-07-21 07:59:07,"Lower",34m,"Seated Leg Curl (Machine)",3,0.0,0.0,0,0.0,
2026-07-21 07:59:07,"Lower",34m,"RFE Squat",1,45.0,8.0,0,0.0,
2026-07-21 07:59:07,"Lower",34m,"RFE Squat",2,45.0,8.0,0,0.0,
2026-07-21 07:59:07,"Lower",34m,"RFE Squat",3,45.0,8.0,0,0.0,
2026-07-21 07:59:07,"Lower",34m,"Romanian Deadlift (Dumbbell)",1,45.0,10.0,0,0.0,
2026-07-21 07:59:07,"Lower",34m,"Romanian Deadlift (Dumbbell)",2,45.0,10.0,0,0.0,
2026-07-21 07:59:07,"Lower",34m,"Romanian Deadlift (Dumbbell)",3,45.0,9.0,0,0.0,
2026-07-21 07:59:07,"Lower",34m,"Leg Extension (Machine)",1,240.0,10.0,0,0.0,
2026-07-21 07:59:07,"Lower",34m,"Leg Extension (Machine)",2,240.0,10.0,0,0.0,
2026-07-21 07:59:07,"Lower",34m,"Leg Extension (Machine)",3,240.0,8.0,0,0.0,
2026-07-21 07:59:07,"Lower",34m,"Standing Calf Raise (Smith Machine)",1,245.0,10.0,0,0.0,
2026-07-21 07:59:07,"Lower",34m,"Standing Calf Raise (Smith Machine)",2,245.0,10.0,0,0.0,
2026-07-21 07:59:07,"Lower",34m,"Standing Calf Raise (Smith Machine)",3,245.0,11.0,0,0.0,
2026-07-21 07:59:07,"Lower",34m,"Cable Crunch",1,0.0,0.0,0,0.0,
2026-07-21 07:59:07,"Lower",34m,"Cable Crunch",2,0.0,0.0,0,0.0,
2026-07-21 07:59:07,"Lower",34m,"Cable Crunch",3,0.0,0.0,0,0.0,
2026-07-23 07:48:13,"Upper One",55m,"Bench Press (Barbell)",1,205.0,7.0,0,0.0,
2026-07-23 07:48:13,"Upper One",55m,"Bench Press (Barbell)",2,215.0,6.0,0,0.0,
2026-07-23 07:48:13,"Upper One",55m,"Bench Press (Barbell)",3,215.0,5.0,0,0.0,
2026-07-23 07:48:13,"Upper One",55m,"Seated Row (Cable)",1,153.0,12.0,0,0.0,
2026-07-23 07:48:13,"Upper One",55m,"Seated Row (Cable)",2,153.0,10.0,0,0.0,
2026-07-23 07:48:13,"Upper One",55m,"Seated Row (Cable)",3,153.0,10.0,0,0.0,
2026-07-23 07:48:13,"Upper One",55m,"Pull Up (Assisted)",1,20.0,7.0,0,0.0,
2026-07-23 07:48:13,"Upper One",55m,"Pull Up (Assisted)",2,40.0,7.0,0,0.0,
2026-07-23 07:48:13,"Upper One",55m,"Pull Up (Assisted)",3,40.0,7.0,0,0.0,
2026-07-23 07:48:13,"Upper One",55m,"Cable Crossover",1,20.0,11.0,0,0.0,
2026-07-23 07:48:13,"Upper One",55m,"Cable Crossover",2,20.0,10.0,0,0.0,
2026-07-23 07:48:13,"Upper One",55m,"Cable Crossover",3,20.0,10.0,0,0.0,
2026-07-23 07:48:13,"Upper One",55m,"Triceps Extension (Cable)",1,53.0,10.0,0,0.0,
2026-07-23 07:48:13,"Upper One",55m,"Triceps Extension (Cable)",2,53.0,7.0,0,0.0,
2026-07-23 07:48:13,"Upper One",55m,"Triceps Extension (Cable)",3,53.0,5.0,0,0.0,
2026-07-23 07:48:13,"Upper One",55m,"Lateral Raise (Cable)",1,10.0,11.0,0,0.0,
2026-07-23 07:48:13,"Upper One",55m,"Lateral Raise (Cable)",2,10.0,10.0,0,0.0,
2026-07-23 07:48:13,"Upper One",55m,"Lateral Raise (Cable)",3,10.0,10.0,0,0.0,
2026-07-23 07:48:13,"Upper One",55m,"Bicep Curl (Cable)",1,52.0,10.0,0,0.0,
2026-07-23 07:48:13,"Upper One",55m,"Bicep Curl (Cable)",2,52.0,7.0,0,0.0,
2026-07-23 07:48:13,"Upper One",55m,"Bicep Curl (Cable)",3,52.0,7.0,0,0.0,
2026-07-26 09:49:19,"Upper Two",51m,"Lat Pulldown (Cable)",1,165.0,9.0,0,0.0,
2026-07-26 09:49:19,"Upper Two",51m,"Lat Pulldown (Cable)",2,165.0,8.0,0,0.0,
2026-07-26 09:49:19,"Upper Two",51m,"Lat Pulldown (Cable)",3,165.0,6.0,0,0.0,
2026-07-26 09:49:19,"Upper Two",51m,"Incline Bench Press (Dumbbell)",1,80.0,8.0,0,0.0,
2026-07-26 09:49:19,"Upper Two",51m,"Incline Bench Press (Dumbbell)",2,80.0,8.0,0,0.0,
2026-07-26 09:49:19,"Upper Two",51m,"Incline Bench Press (Dumbbell)",3,80.0,7.0,0,0.0,
2026-07-26 09:49:19,"Upper Two",51m,"Lateral Raise (Dumbbell)",1,15.0,12.0,0,0.0,
2026-07-26 09:49:19,"Upper Two",51m,"Lateral Raise (Dumbbell)",2,15.0,11.0,0,0.0,
2026-07-26 09:49:19,"Upper Two",51m,"Lateral Raise (Dumbbell)",3,15.0,10.0,0,0.0,
2026-07-26 09:49:19,"Upper Two",51m,"Incline Curl (Dumbbell)",1,30.0,9.0,0,0.0,
2026-07-26 09:49:19,"Upper Two",51m,"Incline Curl (Dumbbell)",2,30.0,8.0,0,0.0,
2026-07-26 09:49:19,"Upper Two",51m,"Incline Curl (Dumbbell)",3,30.0,6.0,0,0.0,
2026-07-26 09:49:19,"Upper Two",51m,"Seated Row (Machine)",1,55.0,10.0,0,0.0,
2026-07-26 09:49:19,"Upper Two",51m,"Seated Row (Machine)",2,55.0,9.0,0,0.0,
2026-07-26 09:49:19,"Upper Two",51m,"Seated Row (Machine)",3,55.0,7.0,0,0.0,
2026-07-26 09:49:19,"Upper Two",51m,"Triceps Pushdown (Cable - Straight Bar)",1,67.0,11.0,0,0.0,
2026-07-26 09:49:19,"Upper Two",51m,"Triceps Pushdown (Cable - Straight Bar)",2,67.0,10.0,0,0.0,
2026-07-26 09:49:19,"Upper Two",51m,"Triceps Pushdown (Cable - Straight Bar)",3,67.0,10.0,0,0.0,
2026-07-26 09:49:19,"Upper Two",51m,"Bicep Curl (Barbell)",1,70.0,8.0,0,0.0,
2026-07-26 09:49:19,"Upper Two",51m,"Bicep Curl (Barbell)",2,70.0,8.0,0,0.0,
2026-07-26 09:49:19,"Upper Two",51m,"Bicep Curl (Barbell)",3,70.0,7.0,0,0.0,
2026-07-30 08:06:51,"Lower",47h 24m,"Squat (Barbell)",1,245.0,8.0,0,0.0,
2026-07-30 08:06:51,"Lower",47h 24m,"Squat (Barbell)",2,255.0,6.0,0,0.0,
2026-07-30 08:06:51,"Lower",47h 24m,"Squat (Barbell)",3,255.0,5.0,0,0.0,
2026-07-30 08:06:51,"Lower",47h 24m,"Seated Leg Curl (Machine)",1,187.0,9.0,0,0.0,
2026-07-30 08:06:51,"Lower",47h 24m,"Seated Leg Curl (Machine)",2,187.0,9.0,0,0.0,
2026-07-30 08:06:51,"Lower",47h 24m,"Seated Leg Curl (Machine)",3,187.0,8.0,0,0.0,
2026-07-30 08:06:51,"Lower",47h 24m,"RFE Squat",1,0.0,0.0,0,0.0,
2026-07-30 08:06:51,"Lower",47h 24m,"RFE Squat",2,0.0,0.0,0,0.0,
2026-07-30 08:06:51,"Lower",47h 24m,"RFE Squat",3,0.0,0.0,0,0.0,
2026-07-30 08:06:51,"Lower",47h 24m,"Romanian Deadlift (Dumbbell)",1,0.0,0.0,0,0.0,
2026-07-30 08:06:51,"Lower",47h 24m,"Romanian Deadlift (Dumbbell)",2,0.0,0.0,0,0.0,
2026-07-30 08:06:51,"Lower",47h 24m,"Romanian Deadlift (Dumbbell)",3,0.0,0.0,0,0.0,
2026-07-30 08:06:51,"Lower",47h 24m,"Leg Extension (Machine)",1,240.0,9.0,0,0.0,
2026-07-30 08:06:51,"Lower",47h 24m,"Leg Extension (Machine)",2,240.0,9.0,0,0.0,
2026-07-30 08:06:51,"Lower",47h 24m,"Leg Extension (Machine)",3,240.0,8.0,0,0.0,
2026-07-30 08:06:51,"Lower",47h 24m,"Standing Calf Raise (Smith Machine)",1,0.0,0.0,0,0.0,
2026-07-30 08:06:51,"Lower",47h 24m,"Standing Calf Raise (Smith Machine)",2,0.0,0.0,0,0.0,
2026-07-30 08:06:51,"Lower",47h 24m,"Standing Calf Raise (Smith Machine)",3,0.0,0.0,0,0.0,
2026-07-30 08:06:51,"Lower",47h 24m,"Cable Crunch",1,0.0,0.0,0,0.0,
2026-07-30 08:06:51,"Lower",47h 24m,"Cable Crunch",2,0.0,0.0,0,0.0,
2026-07-30 08:06:51,"Lower",47h 24m,"Cable Crunch",3,0.0,0.0,0,0.0,
2026-08-01 07:53:16,"Upper One",1h 31m,"Bench Press (Barbell)",1,215.0,6.0,0,0.0,
2026-08-01 07:53:16,"Upper One",1h 31m,"Bench Press (Barbell)",2,215.0,6.0,0,0.0,
2026-08-01 07:53:16,"Upper One",1h 31m,"Bench Press (Barbell)",3,215.0,5.0,0,0.0,
2026-08-01 07:53:16,"Upper One",1h 31m,"Seated Row (Cable)",1,165.0,10.0,0,0.0,
2026-08-01 07:53:16,"Upper One",1h 31m,"Seated Row (Cable)",2,165.0,10.0,0,0.0,
2026-08-01 07:53:16,"Upper One",1h 31m,"Seated Row (Cable)",3,165.0,8.0,0,0.0,
2026-08-01 07:53:16,"Upper One",1h 31m,"Pull Up (Assisted)",1,40.0,8.0,0,0.0,
2026-08-01 07:53:16,"Upper One",1h 31m,"Pull Up (Assisted)",2,40.0,7.0,0,0.0,
2026-08-01 07:53:16,"Upper One",1h 31m,"Pull Up (Assisted)",3,40.0,6.0,0,0.0,
2026-08-01 07:53:16,"Upper One",1h 31m,"Cable Crossover",1,20.0,11.0,0,0.0,
2026-08-01 07:53:16,"Upper One",1h 31m,"Cable Crossover",2,20.0,10.0,0,0.0,
2026-08-01 07:53:16,"Upper One",1h 31m,"Cable Crossover",3,20.0,10.0,0,0.0,
2026-08-01 07:53:16,"Upper One",1h 31m,"Triceps Extension (Cable)",1,53.0,10.0,0,0.0,
2026-08-01 07:53:16,"Upper One",1h 31m,"Triceps Extension (Cable)",2,53.0,8.0,0,0.0,
2026-08-01 07:53:16,"Upper One",1h 31m,"Triceps Extension (Cable)",3,53.0,5.0,0,0.0,
2026-08-01 07:53:16,"Upper One",1h 31m,"Lateral Raise (Cable)",1,10.0,12.0,0,0.0,
2026-08-01 07:53:16,"Upper One",1h 31m,"Lateral Raise (Cable)",2,10.0,10.0,0,0.0,
2026-08-01 07:53:16,"Upper One",1h 31m,"Lateral Raise (Cable)",3,10.0,11.0,0,0.0,
2026-08-01 07:53:16,"Upper One",1h 31m,"Bicep Curl (Cable)",1,60.0,6.0,0,0.0,
2026-08-01 07:53:16,"Upper One",1h 31m,"Bicep Curl (Cable)",2,50.0,8.0,0,0.0,
2026-08-01 07:53:16,"Upper One",1h 31m,"Bicep Curl (Cable)",3,50.0,8.0,0,0.0,
2026-08-03 08:28:01,"Upper Two",48m,"Lat Pulldown (Cable)",1,165.0,8.0,0,0.0,
2026-08-03 08:28:01,"Upper Two",48m,"Lat Pulldown (Cable)",2,165.0,8.0,0,0.0,
2026-08-03 08:28:01,"Upper Two",48m,"Lat Pulldown (Cable)",3,165.0,7.0,0,0.0,
2026-08-03 08:28:01,"Upper Two",48m,"Incline Bench Press (Dumbbell)",1,85.0,7.0,0,0.0,
2026-08-03 08:28:01,"Upper Two",48m,"Incline Bench Press (Dumbbell)",2,85.0,7.0,0,0.0,
2026-08-03 08:28:01,"Upper Two",48m,"Incline Bench Press (Dumbbell)",3,85.0,5.0,0,0.0,
2026-08-03 08:28:01,"Upper Two",48m,"Lateral Raise (Dumbbell)",1,15.0,11.0,0,0.0,
2026-08-03 08:28:01,"Upper Two",48m,"Lateral Raise (Dumbbell)",2,15.0,12.0,0,0.0,
2026-08-03 08:28:01,"Upper Two",48m,"Lateral Raise (Dumbbell)",3,15.0,11.0,0,0.0,
2026-08-03 08:28:01,"Upper Two",48m,"Incline Curl (Dumbbell)",1,30.0,9.0,0,0.0,
2026-08-03 08:28:01,"Upper Two",48m,"Incline Curl (Dumbbell)",2,30.0,8.0,0,0.0,
2026-08-03 08:28:01,"Upper Two",48m,"Incline Curl (Dumbbell)",3,30.0,7.0,0,0.0,
2026-08-03 08:28:01,"Upper Two",48m,"Seated Row (Machine)",1,60.0,8.0,0,0.0,
2026-08-03 08:28:01,"Upper Two",48m,"Seated Row (Machine)",2,60.0,7.0,0,0.0,
2026-08-03 08:28:01,"Upper Two",48m,"Seated Row (Machine)",3,60.0,6.0,0,0.0,
2026-08-03 08:28:01,"Upper Two",48m,"Triceps Pushdown (Cable - Straight Bar)",1,70.0,10.0,0,0.0,
2026-08-03 08:28:01,"Upper Two",48m,"Triceps Pushdown (Cable - Straight Bar)",2,70.0,8.0,0,0.0,
2026-08-03 08:28:01,"Upper Two",48m,"Triceps Pushdown (Cable - Straight Bar)",3,70.0,8.0,0,0.0,
2026-08-03 08:28:01,"Upper Two",48m,"Bicep Curl (Barbell)",1,70.0,8.0,0,0.0,
2026-08-03 08:28:01,"Upper Two",48m,"Bicep Curl (Barbell)",2,70.0,8.0,0,0.0,
2026-08-03 08:28:01,"Upper Two",48m,"Bicep Curl (Barbell)",3,70.0,7.0,0,0.0,
2026-09-01 07:53:41,"Upper One",37m,"Bench Press (Barbell)",1,185.0,8.0,0,0.0,
2026-09-01 07:53:41,"Upper One",37m,"Bench Press (Barbell)",2,185.0,7.0,0,0.0,
2026-09-01 07:53:41,"Upper One",37m,"Bench Press (Barbell)",3,185.0,6.0,0,0.0,
2026-09-01 07:53:41,"Upper One",37m,"Seated Row (Cable)",1,143.0,11.0,0,0.0,
2026-09-01 07:53:41,"Upper One",37m,"Seated Row (Cable)",2,143.0,11.0,0,0.0,
2026-09-01 07:53:41,"Upper One",37m,"Seated Row (Cable)",3,143.0,9.0,0,0.0,
2026-09-01 07:53:41,"Upper One",37m,"Pull Up (Assisted)",1,60.0,8.0,0,0.0,
2026-09-01 07:53:41,"Upper One",37m,"Pull Up (Assisted)",2,60.0,7.0,0,0.0,
2026-09-01 07:53:41,"Upper One",37m,"Pull Up (Assisted)",3,60.0,6.0,0,0.0,
2026-09-01 07:53:41,"Upper One",37m,"Cable Crossover",1,17.0,11.0,0,0.0,
2026-09-01 07:53:41,"Upper One",37m,"Cable Crossover",2,17.0,10.0,0,0.0,
2026-09-01 07:53:41,"Upper One",37m,"Cable Crossover",3,17.0,8.0,0,0.0,
2026-09-01 07:53:41,"Upper One",37m,"Triceps Extension (Cable)",1,47.0,11.0,0,0.0,
2026-09-01 07:53:41,"Upper One",37m,"Triceps Extension (Cable)",2,47.0,8.0,0,0.0,
2026-09-01 07:53:41,"Upper One",37m,"Triceps Extension (Cable)",3,47.0,6.0,0,0.0,
2026-09-01 07:53:41,"Upper One",37m,"Lateral Raise (Cable)",1,10.0,11.0,0,0.0,
2026-09-01 07:53:41,"Upper One",37m,"Lateral Raise (Cable)",2,10.0,8.0,0,0.0,
2026-09-01 07:53:41,"Upper One",37m,"Lateral Raise (Cable)",3,10.0,7.0,0,0.0,
2026-09-01 07:53:41,"Upper One",37m,"Bicep Curl (Cable)",1,40.0,10.0,0,0.0,
2026-09-01 07:53:41,"Upper One",37m,"Bicep Curl (Cable)",2,46.0,7.0,0,0.0,
2026-09-01 07:53:41,"Upper One",37m,"Bicep Curl (Cable)",3,46.0,6.0,0,0.0,